"","predict","PM10","Time","TimeKey1","TimeKey2","TimeKey3","TimeKey4","TimeKey5"
"1",22.0649209781718,13.8,"2014-02-10 16:00:00",2014-02-10 17:00:00,2014-02-10 18:00:00,2014-02-10 19:00:00,2014-02-10 20:00:00,2014-02-10 21:00:00
"2",8.76966025746314,12.3,"2014-02-11 16:00:00",2014-02-11 17:00:00,2014-02-11 18:00:00,2014-02-11 19:00:00,2014-02-11 20:00:00,2014-02-11 21:00:00
"3",12.2624645348864,15,"2014-02-17 16:00:00",2014-02-17 17:00:00,2014-02-17 18:00:00,2014-02-17 19:00:00,2014-02-17 20:00:00,2014-02-17 21:00:00
"4",14.4182044936704,8.7,"2014-02-18 16:00:00",2014-02-18 17:00:00,2014-02-18 18:00:00,2014-02-18 19:00:00,2014-02-18 20:00:00,2014-02-18 21:00:00
"5",12.3558650476194,13.3,"2014-02-19 16:00:00",2014-02-19 17:00:00,2014-02-19 18:00:00,2014-02-19 19:00:00,2014-02-19 20:00:00,2014-02-19 21:00:00
"6",15.2537735449336,12.8,"2014-02-20 16:00:00",2014-02-20 17:00:00,2014-02-20 18:00:00,2014-02-20 19:00:00,2014-02-20 20:00:00,2014-02-20 21:00:00
"7",12.1581947467094,14.8,"2014-02-21 16:00:00",2014-02-21 17:00:00,2014-02-21 18:00:00,2014-02-21 19:00:00,2014-02-21 20:00:00,2014-02-21 21:00:00
"8",9.77166127679498,13,"2014-02-25 16:00:00",2014-02-25 17:00:00,2014-02-25 18:00:00,2014-02-25 19:00:00,2014-02-25 20:00:00,2014-02-25 21:00:00
"9",19.2893618001884,17.9,"2014-02-26 16:00:00",2014-02-26 17:00:00,2014-02-26 18:00:00,2014-02-26 19:00:00,2014-02-26 20:00:00,2014-02-26 21:00:00
"10",2.44050299951963,7.9,"2014-02-28 16:00:00",2014-02-28 17:00:00,2014-02-28 18:00:00,2014-02-28 19:00:00,2014-02-28 20:00:00,2014-02-28 21:00:00
"11",23.9906998591358,23.1,"2014-03-06 16:00:00",2014-03-06 17:00:00,2014-03-06 18:00:00,2014-03-06 19:00:00,2014-03-06 20:00:00,2014-03-06 21:00:00
"12",10.1325823105564,11.3,"2014-03-07 16:00:00",2014-03-07 17:00:00,2014-03-07 18:00:00,2014-03-07 19:00:00,2014-03-07 20:00:00,2014-03-07 21:00:00
"13",33.4649685888588,16.9,"2014-03-10 16:00:00",2014-03-10 17:00:00,2014-03-10 18:00:00,2014-03-10 19:00:00,2014-03-10 20:00:00,2014-03-10 21:00:00
"14",24.1950629197114,35.2,"2014-03-11 16:00:00",2014-03-11 17:00:00,2014-03-11 18:00:00,2014-03-11 19:00:00,2014-03-11 20:00:00,2014-03-11 21:00:00
"15",43.2201165750329,61,"2014-03-12 16:00:00",2014-03-12 17:00:00,2014-03-12 18:00:00,2014-03-12 19:00:00,2014-03-12 20:00:00,2014-03-12 21:00:00
"16",36.6879020927071,56.5,"2014-03-14 16:00:00",2014-03-14 17:00:00,2014-03-14 18:00:00,2014-03-14 19:00:00,2014-03-14 20:00:00,2014-03-14 21:00:00
"17",16.7389779401802,22.2,"2014-03-17 16:00:00",2014-03-17 17:00:00,2014-03-17 18:00:00,2014-03-17 19:00:00,2014-03-17 20:00:00,2014-03-17 21:00:00
"18",11.5199073267986,18.5,"2014-03-18 16:00:00",2014-03-18 17:00:00,2014-03-18 18:00:00,2014-03-18 19:00:00,2014-03-18 20:00:00,2014-03-18 21:00:00
"19",9.66890472887047,17.5,"2014-03-24 16:00:00",2014-03-24 17:00:00,2014-03-24 18:00:00,2014-03-24 19:00:00,2014-03-24 20:00:00,2014-03-24 21:00:00
"20",20.86429519766,31.7,"2014-03-25 16:00:00",2014-03-25 17:00:00,2014-03-25 18:00:00,2014-03-25 19:00:00,2014-03-25 20:00:00,2014-03-25 21:00:00
"21",14.9258054889194,6.1,"2014-03-26 16:00:00",2014-03-26 17:00:00,2014-03-26 18:00:00,2014-03-26 19:00:00,2014-03-26 20:00:00,2014-03-26 21:00:00
"22",35.4194334083343,48.9,"2014-03-28 16:00:00",2014-03-28 17:00:00,2014-03-28 18:00:00,2014-03-28 19:00:00,2014-03-28 20:00:00,2014-03-28 21:00:00
