"","Time","predict","NO2","lag.1.NO2","lag.2.NO2","X5amTo8amSlope.NOX.IMP","TimeHoursNum","RHUM"
"1","2012-05-24 09:00",31.3592209280358,35.9,31.1,33,10.3333333333333,9,70
"2","2013-04-04 09:00",14.8626570512579,11.8,16.5,15.8,1.2,9,68
"3","2012-06-25 15:00",13.4830604117297,12.9,12.9,12,7.83333333333333,15,46
"4","2013-05-02 14:00",9.61693931969472,15.1,9,8.3,-5.53333333333333,14,41
"5","2013-05-17 11:00",5.67839385927593,8.7,6.8,9,-8.9,11,66
"6","2010-09-29 16:00",13.8249553920218,20.6,12.4,9.6,1.73333333333333,16,81
"7","2012-09-28 06:00",21.7604753271751,28.2,19.1,5.3,-0.966666666666666,6,92
"8","2013-05-03 15:00",9.84941672191883,9.8,11.6,12.3,-26.46667,15,28
"9","2012-11-07 11:00",34.94290510179,30.6,33.5,38.3,22.8,11,73
"10","2012-09-10 16:00",11.1395886822039,6.2,7.2,6.7,6.83333333333333,16,70
"11","2013-05-21 11:00",13.3982594305985,14.3,14,16.6,3.2,11,78
"12","2012-09-10 09:00",13.6604649412294,6.7,12.9,9.1,6.83333333333333,9,68
"13","2013-03-04 12:00",25.9643527146383,29,26.2,30.6,11.4,12,66
"14","2012-11-12 11:00",23.8536691232544,23,22.5,33,16.1,11,78
"15","2010-10-28 13:00",13.539498467597,11.5,14.3,16.7,3.36666666666667,13,73
"16","2013-05-06 09:00",15.98561347389,14.6,20.2,21.4,1.23333333333333,9,51
"17","2012-04-27 11:00",19.8773299286526,14.8,18.6,7.7,0.466666666666667,11,78
"18","2010-09-29 10:00",14.5322838590667,7.2,15.8,21.5,1.73333333333333,10,82
"19","2012-06-01 16:00",22.9482865027521,25.8,23,22,4,16,71
"20","2013-05-20 09:00",22.6677492228407,19.4,23.2,26.5,0.9,9,89
"21","2013-05-02 10:00",5.17457596179205,5.9,8.9,10.4,-5.53333333333333,10,25
"22","2013-03-06 10:00",52.2457057339936,54.2,57.9,59.7,19.1333333333333,10,76
"23","2013-02-07 09:00",44.9119480882466,40,47.8,48.1,17.3333333333333,9,64
"24","2013-05-29 06:00",31.2453137938125,29.1,26.6,9.5,8.93333333333333,6,92
"25","2013-02-12 12:00",26.2116944527888,20.7,26.1,28,8.03333333333333,12,74
"26","2013-03-08 11:00",41.609648048159,42.5,45.9,47.1,4.2,11,100
"27","2012-11-02 11:00",10.6010796033304,8.6,9.6,14.3,15.1333333333333,11,59
"28","2012-11-15 06:00",33.6366648226127,33.5,30.6,31.1,9.7,6,95
"29","2012-05-23 14:00",22.5330506661464,24.9,27.3,34.4,2.4,14,54
"30","2010-11-26 08:00",65.3560812355008,70.8,62.2,51.6,41.3,8,82
"31","2013-05-20 13:00",19.0337473086487,19.2,19.1,16.9,0.9,13,81
"32","2013-05-03 10:00",23.1802829879441,22.3,36.5,44.1,-26.46667,10,34
"33","2013-03-05 09:00",54.7787341772982,59.2,64.8,56.3,-7.93333333333334,9,89
"34","2013-04-03 07:00",24.8980372204726,24.8,25.4,17.9,-0.766666666666667,7,74
"35","2010-09-21 13:00",9.00072892880949,12,9.1,11.5,-0.133333333333333,13,54
"36","2012-09-14 06:00",17.0944112411689,19.6,8.6,1.4,15.3,6,76
"37","2013-03-21 09:00",37.4074991312857,26,47,60.2,6.03333333333334,9,73
"38","2012-04-20 12:00",9.7037697594691,9.6,10.5,16.3,0.799999999999999,12,80
"39","2012-05-30 15:00",18.1611857650723,15.8,16.3,13.4,10.6666666666667,15,63
"40","2012-04-24 15:00",16.0878149822179,23.9,16.7,16.7,3.83333333333333,15,62
"41","2010-11-25 11:00",25.141725575958,27.3,27.7,31.6,0.799999999999999,11,73
"42","2012-06-25 09:00",28.2056041015363,21,28.7,26.3,7.83333333333333,9,61
"43","2012-06-25 07:00",19.7803502167322,26.3,18.2,15.3,7.83333333333333,7,76
"44","2012-06-12 09:00",15.6340474935631,20.1,13.9,13.4,1.6,9,94
"45","2010-11-26 15:00",71.6709427435105,78.4,82.2,87,41.3,15,65
"46","2010-11-24 14:00",64.0809237163763,56.9,73.2,83.2,41.43333,14,68
"47","2012-04-24 16:00",23.0060637264785,23,23.9,16.7,3.83333333333333,16,52
"48","2012-09-10 14:00",9.68638693491939,6.7,4.8,3.3,6.83333333333333,14,66
"49","2012-05-04 14:00",28.085944655017,22.5,26.8,23.9,3.5,14,85
"50","2013-04-19 09:00",13.8281938049969,11.5,19.1,30.7,1,9,58
"51","2010-09-29 15:00",12.1202501191032,12.4,9.6,8.1,1.73333333333333,15,70
"52","2012-09-05 06:00",17.2906266752838,24.4,17.7,13.9,1.43333333333333,6,73
"53","2013-04-01 08:00",7.1576290670167,11.9,12.1,20.7,-0.766666666666666,8,58
"54","2010-11-11 08:00",10.9978377773736,5.7,7.2,7.2,1.1,8,87
"55","2012-11-05 12:00",12.0765185911176,12,12.9,29.6,15.9333333333333,12,61
"56","2012-04-17 14:00",12.5701443829828,12.9,13.9,14.3,0.8,14,41
"57","2010-11-11 16:00",10.7468595452913,13.9,7.7,7.7,1.1,16,75
"58","2013-03-19 07:00",34.9744382085919,29.6,29.1,21.1,15.7333333333333,7,89
"59","2013-04-30 07:00",23.7257129381026,19.1,28.4,28.6,-4.4,7,60
"60","2012-06-12 13:00",11.7999586001649,15.3,13.4,21,1.6,13,80
"61","2013-02-08 14:00",24.0125156093789,29.3,22.1,23.1,19.6333333333333,14,56
"62","2010-10-13 06:00",11.5755289915227,8.1,8.6,3.3,2.86666666666667,6,76
"63","2012-06-13 16:00",9.58778036391151,17.2,11.5,17.7,-24.0666666666667,16,49
"64","2012-05-07 13:00",7.3824497702617,8.1,7.2,10,-9.23333333333333,13,80
"65","2013-04-03 13:00",9.44709280925949,13.8,8.5,7.6,-0.766666666666667,13,54
"66","2012-09-05 10:00",6.63891819292948,7.7,9.6,16.7,1.43333333333333,10,49
"67","2013-04-01 15:00",7.31141935163055,2.2,2.8,3,-0.766666666666666,15,50
"68","2013-05-28 16:00",17.341107037715,19.7,17.3,19.1,4.06666666666667,16,91
"69","2013-03-26 10:00",11.8374577963416,14.9,13.9,16,2.83333333333333,10,64
"70","2012-09-03 16:00",27.7242650996969,33.5,33.9,36.8,3.96666666666667,16,36
"71","2013-03-18 10:00",66.0220305122306,41,67.4,73.4,56.1666633333333,10,100
"72","2012-11-19 15:00",14.6604976098751,12.9,10,10,16.7666666666667,15,72
"73","2013-03-05 13:00",4.20425999467073,13.1,13.1,51.2,-7.93333333333334,13,45
"74","2010-09-03 07:00",36.4489799329869,34.9,38.7,35.4,-2.23333333333333,7,81
"75","2012-09-11 06:00",15.9052957284853,27.7,13.9,2.9,2.56666666666667,6,78
"76","2012-04-20 10:00",16.9712015740556,16.3,21.5,29.6,0.799999999999999,10,60
"77","2012-06-12 15:00",13.0620557894696,14.3,12.9,15.3,1.6,15,74
"78","2013-05-29 11:00",26.5174162162079,23.8,28.3,37.8,8.93333333333333,11,79
"79","2012-06-05 13:00",5.75156251302697,1.9,1.9,3.3,-3.36666666666667,13,66
"80","2010-11-09 09:00",33.5857633064351,34.4,32,33,11.7666666666667,9,84
"81","2012-04-25 14:00",9.28973663010546,12,6.2,6.2,-0.766666666666667,14,88
"82","2013-02-07 16:00",33.7605752251336,42.4,30.9,24.1,17.3333333333333,16,60
"83","2012-06-22 08:00",9.84932356961006,6.2,7.7,5.7,1.43333333333333,8,78
"84","2013-03-22 10:00",29.6392044613967,32.2,30,28.8,4.66666666666667,10,74
"85","2010-10-28 06:00",16.7159370748409,19.6,12,4.3,3.36666666666667,6,89
"86","2012-06-26 12:00",6.58069305388243,7.7,5.7,6.2,-0.966666666666666,12,51
"87","2013-05-16 16:00",23.5021228749823,27.7,22.9,10.5,0.566666666666668,16,64
"88","2013-04-24 11:00",10.4055887822455,17.8,12.7,15.1,-3.8,11,53
"89","2013-04-22 10:00",8.639042057924,8.8,11.2,14.2,-6.53333333333333,10,56
"90","2012-04-06 11:00",13.4867618379566,14.8,18.6,25.3,7.8,11,42
"91","2010-11-12 06:00",8.65039279747137,10.5,4.8,1.4,7.03333333333333,6,68
"92","2013-02-04 07:00",22.3884409958225,30.1,17,4.1,12.4666666666667,7,80
"93","2012-06-04 06:00",11.0322667626077,2.4,2.9,1,0.166666666666667,6,101
"94","2013-02-04 12:00",10.5328433539219,11.5,12.3,13.3,12.4666666666667,12,49
"95","2012-05-28 12:00",18.5873082267021,22.5,25.3,27.3,-5.1,12,42
"96","2012-04-12 09:00",40.227987464172,45.9,44,46.4,9.56666666666667,9,75
"97","2013-03-20 13:00",19.8458547139887,24.8,22.4,22.8,-2.36666666666667,13,78
"98","2010-10-12 12:00",6.43778981729372,4.3,4.3,11,4.3,12,63
"99","2012-09-06 13:00",7.30635031235282,12.9,7.7,8.1,-5.43333333333333,13,39
"100","2012-09-18 07:00",34.8493149290144,29.6,33,18.6,2.73333333333333,7,76
"101","2012-11-09 16:00",20.4260544784099,26.8,15.8,12,15.7666666666667,16,74
"102","2012-05-31 08:00",27.381537133356,25.3,26.3,21.5,5.86666666666667,8,76
"103","2012-09-11 13:00",8.94684976389541,9.1,9.6,10,2.56666666666667,13,40
"104","2013-05-08 06:00",37.0253249197723,42.9,40.5,38.8,-5.13333333333333,6,88
"105","2013-05-27 13:00",4.0614246321725,2.3,2.4,2.8,-2.4,13,40
"106","2013-04-19 12:00",10.3334172252202,12.8,10.9,11.3,1,12,53
"107","2013-04-29 06:00",11.1630673220243,18.2,12.3,5.8,2,6,64
"108","2012-11-12 15:00",21.5880262535907,17.2,18.6,18.6,16.1,15,91
"109","2012-06-20 08:00",21.1653822687474,36.3,27.7,37.3,5.4,8,42
"110","2010-11-25 08:00",24.6723609479671,25.3,26.3,28.7,0.799999999999999,8,78
"111","2013-05-01 13:00",5.31143177447226,6.4,5.2,4.7,2.6,13,35
"112","2012-05-23 09:00",30.9037726074851,38.3,32,27.7,2.4,9,68
"113","2010-10-01 14:00",9.27613391901285,7.7,6.2,5.3,-1.76666666666667,14,90
"114","2013-05-03 08:00",32.6879807866339,44.1,53.5,64.4,-26.46667,8,40
"115","2013-03-04 11:00",29.9420293071976,26.2,30.6,34.7,11.4,11,67
"116","2010-11-24 10:00",73.6907764779528,83.2,75.1,65,41.43333,10,71
"117","2012-09-25 14:00",12.5790848819278,9.1,11.5,9.1,2.9,14,80
"118","2013-05-03 14:00",9.41154187252301,11.6,12.3,13.3,-26.46667,14,26
"119","2012-11-05 15:00",18.9356343425514,21.5,15.3,11,15.9333333333333,15,63
"120","2012-06-14 16:00",18.4382720886924,20.6,21.5,20.6,-12.2666666666667,16,73
"121","2012-11-19 13:00",11.7468490109512,10,7.7,13.4,16.7666666666667,13,66
"122","2012-05-25 14:00",23.8386413038316,20.6,27.7,27.7,3.96666666666667,14,45
"123","2012-05-23 16:00",15.7659088066625,20.6,18.2,24.9,2.4,16,61
"124","2012-04-19 10:00",28.3178955982967,22.5,28.7,36.3,9.23333333333333,10,88
"125","2012-06-07 14:00",11.2171642443432,13.9,11.5,12,-2.06666666666667,14,98
"126","2013-05-10 10:00",8.1001969118449,11.4,9.6,11.4,2.06666666666667,10,62
"127","2010-11-25 16:00",33.1365775109801,39.2,33.9,27.3,0.799999999999999,16,72
"128","2010-10-11 16:00",14.2623447099329,15.3,11,6.7,3.66666666666667,16,48
"129","2010-11-24 08:00",58.5950447150476,65,53.5,46.4,41.43333,8,84
"130","2013-02-08 07:00",51.3398641427518,53.4,50.7,45.7,19.6333333333333,7,89
"131","2012-11-13 06:00",17.4874025934701,26.3,8.6,1.9,10.6666666666667,6,88
"132","2013-04-17 13:00",6.82624359177227,4.9,5.1,7.3,0.0333333333333332,13,59
"133","2013-05-20 11:00",15.650091161677,16.9,16.4,19.4,0.9,11,86
"134","2013-03-05 12:00",33.8735294303279,13.1,51.2,67.1,-7.93333333333334,12,53
"135","2012-09-17 15:00",13.0474585484384,9.6,10,4.8,4.13333333333333,15,49
"136","2012-11-21 11:00",14.4213810129722,13.4,13.4,21,5.26666666666667,11,88
"137","2013-03-25 10:00",14.8775440563864,13.8,15.9,16.2,4.66666666666667,10,66
"138","2013-03-18 09:00",72.9347862116798,67.4,73.4,67.7,56.1666633333333,9,100
"139","2013-05-08 12:00",9.40215730716826,9.4,11.2,12.7,-5.13333333333333,12,63
"140","2013-05-28 07:00",40.5595784083166,45.4,37.3,21.1,4.06666666666667,7,94
"141","2012-05-24 06:00",26.4265708436735,28.7,23.4,25.3,10.3333333333333,6,94
"142","2012-06-14 14:00",16.1679782241413,20.6,16.7,7.7,-12.2666666666667,14,65
"143","2010-09-17 11:00",6.00510232440495,6.2,7.7,12,3.33333333333333,11,45
"144","2012-04-06 16:00",11.4300947151932,12,7.2,7.2,7.8,16,57
"145","2013-03-28 14:00",11.5385747739827,14,11.4,10,9.03333333333333,14,49
"146","2013-05-28 12:00",35.451070540167,36.3,35.6,31.5,4.06666666666667,12,88
"147","2012-04-23 13:00",8.87309114420427,10,7.7,8.1,-3.03333333333333,13,87
"148","2010-10-05 14:00",17.9833878459852,16.7,16.3,11.5,4.63333333333333,14,80
"149","2012-04-24 11:00",15.4550907195891,22,16.7,22.5,3.83333333333333,11,77
"150","2013-02-22 15:00",10.979849462005,13.3,8.2,9.6,7.43333333333333,15,65
"151","2013-03-28 16:00",11.099176786044,13.5,9,14,9.03333333333333,16,47
"152","2013-05-31 12:00",9.46867689347678,8.1,10.8,14.3,4.76666666666667,12,60
"153","2012-06-11 10:00",26.3066107292742,18.2,25.8,26.8,2.86666666666667,10,98
"154","2013-05-10 11:00",10.5099026557903,11.9,11.4,9.6,2.06666666666667,11,63
"155","2010-10-28 12:00",15.7269910930814,14.3,16.7,18.2,3.36666666666667,12,73
"156","2012-06-11 12:00",23.2521138265548,15.8,22.5,18.2,2.86666666666667,12,98
"157","2012-09-26 16:00",12.7749127716996,16.3,12,11,1.73333333333333,16,88
"158","2012-04-17 09:00",10.2823186423896,9.6,6.7,9.6,0.8,9,93
"159","2013-05-13 09:00",5.79873738211735,7.8,8.6,12.1,-1.43333333333333,9,47
"160","2012-04-17 10:00",11.6105105754962,15.8,9.6,6.7,0.8,10,90
"161","2013-05-22 08:00",28.4314047865268,39.1,29,35.8,8.7,8,76
"162","2012-06-01 09:00",26.2794284946568,30.6,26.8,23.4,4,9,69
"163","2012-11-15 11:00",42.7266210208303,44,43.5,40.2,9.7,11,96
"164","2012-06-07 07:00",15.702844363445,9.6,15.3,14.3,-2.06666666666667,7,91
"165","2012-06-01 10:00",29.1671496111398,19.6,30.6,26.8,4,10,61
"166","2012-09-18 08:00",26.96902877131,19.6,29.6,33,2.73333333333333,8,66
"167","2013-05-14 12:00",7.58414988022884,8.6,5.4,7.3,-1.8,12,75
"168","2012-04-17 13:00",12.1051495208007,13.9,14.3,19.1,0.8,13,50
"169","2012-06-14 08:00",9.55878694781841,12,17.7,32,-12.2666666666667,8,66
"170","2012-04-26 15:00",7.47033829366514,4.8,3.8,7.2,2.56666666666667,15,60
"171","2012-11-12 09:00",40.9879706633411,33,43.5,48.3,16.1,9,80
"172","2012-04-06 10:00",20.3026708152395,18.6,25.3,39.7,7.8,10,49
"173","2013-04-01 11:00",6.23921935359633,5.5,6.1,8.2,-0.766666666666666,11,56
"174","2013-03-04 08:00",45.2198090333818,44,49.8,53.5,11.4,8,88
"175","2012-11-19 09:00",39.3658200061043,18.2,44.5,55.9,16.7666666666667,9,78
"176","2012-11-08 09:00",36.8676311792739,35.9,38.3,43.5,14.0333333333333,9,82
"177","2012-06-05 10:00",4.93189885037697,3.3,3.8,5.7,-3.36666666666667,10,67
"178","2012-09-17 06:00",19.6426598593961,31.1,16.3,5.7,4.13333333333333,6,88
"179","2013-04-03 12:00",7.89591849868183,8.5,7.6,7.9,-0.766666666666667,12,55
"180","2012-09-27 07:00",30.0639143710424,18.2,26.8,13.9,3.96666666666667,7,94
"181","2013-03-22 12:00",32.2392097148871,31.6,33.3,32.2,4.66666666666667,12,76
"182","2012-05-17 16:00",10.3532954481141,8.6,7.2,6.7,-5.56666666666667,16,49
"183","2013-05-29 16:00",29.4297767171252,39.5,27.5,25.6,8.93333333333333,16,87
"184","2012-04-26 10:00",11.1223219900138,4.8,11,9.6,2.56666666666667,10,77
"185","2012-09-28 12:00",6.56729559741721,4.3,5.7,7.2,-0.966666666666666,12,62
"186","2013-05-27 09:00",2.37312662169746,2.4,3.3,6.3,-2.4,9,44
"187","2012-04-26 09:00",12.8264271034375,11,9.6,11,2.56666666666667,9,90
"188","2012-09-21 09:00",52.2929565510943,37.3,55.5,52.6,21.5333333333333,9,62
"189","2013-04-11 06:00",22.3925690913904,32.9,21.7,21.8,0.166666666666667,6,100
"190","2013-04-09 10:00",33.3902556696243,34.5,37.3,42.5,2.83333333333333,10,87
"191","2013-05-30 11:00",12.2011395514052,11.6,14,14.4,-1.7,11,82
"192","2013-05-14 15:00",9.27626011002464,8.5,6.9,6.1,-1.8,15,80
"193","2013-05-01 12:00",3.89975084225044,5.2,4.7,11.4,2.6,12,37
"194","2012-11-07 12:00",33.3366042496384,27.7,30.6,33.5,22.8,12,72
"195","2013-04-18 14:00",9.76367387071061,14.3,7.7,6.6,1.13333333333333,14,79
"196","2013-05-21 08:00",14.6352751991983,16.2,15,16,3.2,8,77
"197","2012-06-12 10:00",21.3489262721256,18.2,20.1,13.9,1.6,10,92
"198","2012-11-14 13:00",22.9145984817757,28.7,20.1,14.8,12.1,13,73
"199","2010-11-24 13:00",72.9808571478568,73.2,83.2,88,41.43333,13,67
"200","2012-09-21 15:00",33.3968694707923,35.4,29.6,22.5,21.5333333333333,15,56
"201","2013-05-22 07:00",39.5857714184519,29,35.8,19.5,8.7,7,75
"202","2013-04-24 12:00",15.4258183794835,20.2,17.8,12.7,-3.8,12,51
"203","2013-05-06 08:00",17.3087194014643,20.2,21.4,21.5,1.23333333333333,8,52
"204","2013-05-10 08:00",11.3023802623432,11.4,12.7,12.3,2.06666666666667,8,67
"205","2012-06-11 11:00",17.6058548956971,22.5,18.2,25.8,2.86666666666667,11,98
"206","2013-04-01 07:00",18.9017432566147,12.1,20.7,14.7,-0.766666666666666,7,63
"207","2012-06-01 08:00",22.6578014366972,26.8,23.4,23.4,4,8,72
"208","2012-05-01 16:00",14.6495262050131,16.3,13.4,17.7,11.1333333333333,16,60
"209","2012-04-04 06:00",23.0467853291624,40.2,20.1,12.4,4.3,6,94
"210","2012-04-04 08:00",26.0058580518704,20.6,29.2,40.2,4.3,8,77
"211","2012-09-04 06:00",39.2750612354994,34.9,33.5,14.8,13.4,6,92
"212","2012-04-24 07:00",20.0075754753518,20.1,17.7,12,3.83333333333333,7,92
"213","2012-04-16 07:00",37.3514613386469,41.1,47.3,50.2,-9.9,7,67
"214","2012-11-15 14:00",43.182911044342,54.5,46.9,46.4,9.7,14,93
"215","2013-05-30 10:00",12.9974568360942,14,14.4,17.1,-1.7,10,90
"216","2012-11-29 08:00",42.7148201239422,44,39.2,29.6,12.4,8,84
"217","2012-05-30 09:00",31.745082589227,26.8,32,27.7,10.6666666666667,9,56
"218","2012-06-11 16:00",14.6576013332089,12,15.3,15.3,2.86666666666667,16,97
"219","2013-03-15 07:00",18.4658715849999,19.2,15.3,7.9,4.9,7,87
"220","2013-04-09 08:00",46.1141188671142,42.5,53.5,55.7,2.83333333333333,8,88
"221","2012-04-27 15:00",7.88649182156073,9.6,6.2,12.4,0.466666666666667,15,54
"222","2013-04-19 13:00",12.2987701323106,15,12.8,10.9,1,13,52
"223","2013-02-07 11:00",26.2802210921745,23.5,28.2,40,17.3333333333333,11,54
"224","2012-11-16 14:00",25.7076750745835,33,25.8,27.7,2.73333333333333,14,93
"225","2010-09-30 06:00",31.7960264513334,29.2,26.8,21.5,14.0333333333333,6,97
"226","2013-05-14 13:00",9.9787881615536,6.1,8.6,5.4,-1.8,13,79
"227","2012-06-26 14:00",13.5509347473369,10.5,12.4,7.7,-0.966666666666666,14,67
"228","2012-09-18 13:00",7.02602345649272,9.1,7.2,10,2.73333333333333,13,41
"229","2012-11-21 06:00",17.9691871333907,23,12.9,6.2,5.26666666666667,6,89
"230","2013-04-04 16:00",21.7532405962727,16.1,22,19.8,1.2,16,90
"231","2012-11-02 09:00",35.4662927771223,14.3,35.9,39.2,15.1333333333333,9,70
"232","2013-05-24 09:00",19.6842402125747,23.8,20.4,27.7,4.06666666666667,9,85
"233","2013-05-28 14:00",15.5121600648766,19.1,19.4,36.3,4.06666666666667,14,94
"234","2010-09-30 14:00",17.6243164467084,15.8,16.7,15.8,14.0333333333333,14,57
"235","2012-04-24 12:00",22.3306263383123,16.7,22,16.7,3.83333333333333,12,73
"236","2012-06-07 13:00",11.413541272784,11.5,12,12,-2.06666666666667,13,96
"237","2012-04-09 08:00",11.8726579139204,7.7,7.2,8.6,1.43333333333333,8,93
"238","2013-03-15 08:00",21.1122721745059,17.5,19.2,15.3,4.9,8,86
"239","2013-05-14 09:00",5.81520539221326,5.4,8.5,16.3,-1.8,9,57
"240","2013-03-07 08:00",66.1640083538983,67.2,70.1,67.9,29,8,95
"241","2012-09-14 09:00",30.1634023361341,13.9,27.3,22.5,15.3,9,67
"242","2013-05-30 14:00",14.219611744357,14.6,15.2,14.8,-1.7,14,89
"243","2010-11-26 13:00",79.4206990053232,87,89.4,87,41.3,13,61
"244","2012-11-05 11:00",29.1236205880205,12.9,29.6,36.8,15.9333333333333,11,64
"245","2012-05-08 07:00",32.7955092253721,27.3,32.5,29.2,-3,7,98
"246","2013-02-04 10:00",13.7156377213754,13.3,17.9,35.7,12.4666666666667,10,49
"247","2012-06-07 11:00",8.52106387199911,12,7.7,7.2,-2.06666666666667,11,80
"248","2013-04-18 11:00",4.55911425131981,3.5,4.1,6.4,1.13333333333333,11,49
"249","2013-04-18 07:00",4.72235252642352,7.4,7.3,5.6,1.13333333333333,7,57
"250","2013-02-04 11:00",10.1753528280818,12.3,13.3,17.9,12.4666666666667,11,46
"251","2012-04-23 14:00",10.3362923116977,12.9,10,7.7,-3.03333333333333,14,87
"252","2013-05-21 07:00",17.6919931545469,15,16,7.6,3.2,7,79
"253","2012-09-21 14:00",24.0232139578453,29.6,22.5,27.7,21.5333333333333,14,55
"254","2012-04-25 06:00",17.6900706438078,10,15.8,6.7,-0.766666666666667,6,91
"255","2012-09-10 11:00",9.67453810303493,8.1,7.2,6.7,6.83333333333333,11,72
"256","2013-02-22 14:00",10.7112240675499,8.2,9.6,11.9,7.43333333333333,14,61
"257","2013-05-14 11:00",7.82593412054792,5.4,7.3,5.4,-1.8,11,74
"258","2012-06-07 15:00",12.2581210913345,14.3,13.9,11.5,-2.06666666666667,15,99
"259","2012-06-22 12:00",8.1104986329685,4.3,4.8,5.3,1.43333333333333,12,72
"260","2013-03-20 08:00",20.707464716716,15.3,23.3,26.9,-2.36666666666667,8,79
"261","2013-05-24 07:00",22.93776498691,27.7,20.6,13.7,4.06666666666667,7,87
"262","2013-03-21 15:00",27.7119269642498,21,27.7,22.6,6.03333333333334,15,65
"263","2012-11-12 14:00",20.6847401671912,18.6,18.6,23.4,16.1,14,88
"264","2013-04-09 12:00",27.6396202748861,25,30.3,34.5,2.83333333333333,12,73
"265","2012-09-06 07:00",51.9591700368028,50.2,55.5,37.3,-5.43333333333333,7,72
"266","2012-09-18 15:00",8.06812367246653,9.1,5.3,9.1,2.73333333333333,15,46
"267","2012-05-23 13:00",30.480476808264,27.3,34.4,34.9,2.4,13,57
"268","2012-05-25 06:00",28.6933061072448,32.5,29.2,27.7,3.96666666666667,6,73
"269","2010-09-20 12:00",10.6778505134413,9.1,11.5,10.5,3.5,12,51
"270","2012-09-04 07:00",37.0240956039963,30.6,34.9,33.5,13.4,7,79
"271","2013-03-19 14:00",29.5935553914372,23.9,28.4,28.8,15.7333333333333,14,61
"272","2010-09-03 14:00",11.6122460114582,10.5,11.5,11.5,-2.23333333333333,14,58
"273","2010-10-04 09:00",41.3196723770134,39.7,40.2,37.8,12.5666666666667,9,97
"274","2013-05-17 06:00",34.7524803743261,30,35.8,24.7,-8.9,6,88
"275","2013-02-12 10:00",34.903033269568,28,36.2,36.6,8.03333333333333,10,74
"276","2012-11-29 15:00",44.4436753291618,44.9,44.5,33.5,12.4,15,73
"277","2013-04-11 09:00",20.539825002724,20.3,21,23.8,0.166666666666667,9,100
"278","2012-06-21 06:00",37.27826707964,47.8,35.9,19.1,-4.13333333333333,6,87
"279","2010-10-04 12:00",39.8137192886661,39.2,40.2,38.7,12.5666666666667,12,95
"280","2013-04-26 15:00",10.8801000406554,12.2,9.5,12.2,4.1,15,46
"281","2013-04-30 14:00",8.51756673316016,6.7,5.5,3,-4.4,14,50
"282","2010-11-10 12:00",28.3344582098874,25.8,29.2,35.4,16.2333333333333,12,52
"283","2012-06-04 15:00",8.55755810673436,3.8,4.3,3.8,0.166666666666667,15,60
"284","2012-04-13 15:00",17.163320132752,20.6,17.2,16.3,8.63333333333333,15,58
"285","2010-09-30 10:00",30.826797771771,24.4,28.2,30.6,14.0333333333333,10,89
"286","2012-06-04 13:00",7.81370307375672,3.8,4.8,3.3,0.166666666666667,13,68
"287","2010-10-01 09:00",7.96640446337141,4.8,7.7,9.6,-1.76666666666667,9,79
"288","2013-04-19 08:00",27.9229768513126,19.1,30.7,31,1,8,64
"289","2013-05-31 11:00",12.246673148569,10.8,14.3,19.6,4.76666666666667,11,65
"290","2012-11-08 12:00",23.3519113952271,25.8,22.5,24.9,14.0333333333333,12,64
"291","2012-05-01 06:00",24.9849621862609,31.6,19.1,11.5,11.1333333333333,6,99
"292","2010-10-11 15:00",8.44019786024492,11,6.7,8.1,3.66666666666667,15,39
"293","2010-10-04 07:00",30.5284567128957,37.8,26.8,25.8,12.5666666666667,7,97
"294","2013-05-24 14:00",25.2558680462023,22.4,24.8,26.8,4.06666666666667,14,93
"295","2013-02-04 16:00",14.6708014652154,16.6,12.7,9.5,12.4666666666667,16,48
"296","2013-03-04 15:00",32.2329818703055,43.1,31.8,28,11.4,15,60
"297","2013-04-10 15:00",19.8924107341816,16.1,17.7,18.2,17.6666666666667,15,62
"298","2010-10-12 07:00",26.85880005691,30.1,24.9,15.8,4.3,7,80
"299","2010-10-11 12:00",8.22787785075217,8.6,8.6,10.5,3.66666666666667,12,49
"300","2013-02-21 09:00",16.0830968226317,22.6,19.6,25.1,2.2,9,60
"301","2013-04-22 06:00",35.5720938826145,31.1,34.4,9.1,-6.53333333333333,6,86
"302","2010-09-17 08:00",31.6765992031678,31.1,34.9,38.3,3.33333333333333,8,65
"303","2013-02-08 12:00",30.6613572389302,23.1,33.1,43.7,19.6333333333333,12,58
"304","2012-11-19 08:00",55.4944987851894,44.5,55.9,45.4,16.7666666666667,8,82
"305","2012-09-26 12:00",10.8068123694285,11.5,9.1,9.6,1.73333333333333,12,88
"306","2012-06-21 13:00",8.79219538309333,18.6,10,12.9,-4.13333333333333,13,86
"307","2010-11-12 14:00",11.4853431503698,18.6,8.1,6.7,7.03333333333333,14,79
"308","2010-09-17 06:00",30.5742533389968,38.3,28.7,19.1,3.33333333333333,6,82
"309","2012-06-14 06:00",33.5092700371654,32,37.3,26.8,-12.2666666666667,6,73
"310","2012-06-22 16:00",10.513369986878,7.2,7.2,5.3,1.43333333333333,16,78
"311","2012-06-01 06:00",22.805276849493,23.4,21.5,18.6,4,6,85
"312","2012-06-15 10:00",6.24422595887065,4.3,6.2,5.7,-2.23333333333333,10,61
"313","2012-11-14 12:00",16.6000946941909,20.1,14.8,16.7,12.1,12,75
"314","2013-05-03 09:00",26.2386924699183,36.5,44.1,53.5,-26.46667,9,35
"315","2012-05-24 11:00",30.8089185803049,25.8,32.5,35.9,10.3333333333333,11,60
"316","2013-02-20 13:00",14.6756852407807,17.9,18.6,21.9,-2.3,13,65
"317","2013-05-22 10:00",39.0714557397003,31.3,41,39.1,8.7,10,72
"318","2012-04-16 14:00",11.6550146251696,12.4,11.5,6.2,-9.9,14,38
"319","2013-05-31 16:00",10.6428834359797,11.2,6,5.2,4.76666666666667,16,53
"320","2013-03-08 07:00",44.289896472509,48.9,47.6,47.2,4.2,7,100
"321","2013-03-07 13:00",61.1907415363801,64.3,66.2,66.3,29,13,90
"322","2012-04-26 16:00",9.897549954848,5.3,4.8,3.8,2.56666666666667,16,59
"323","2010-11-11 09:00",9.25169724927359,1.9,5.7,7.2,1.1,9,87
"324","2013-04-24 07:00",25.5614794326095,19.9,29.6,32.6,-3.8,7,70
"325","2013-05-14 10:00",5.51283721865734,7.3,5.4,8.5,-1.8,10,65
"326","2010-09-27 08:00",26.4503287551359,23,25.3,24.9,2.86666666666667,8,93
"327","2013-04-10 09:00",46.771450982031,48.3,45.7,38.5,17.6666666666667,9,73
"328","2010-09-27 09:00",23.3581031150018,22,23,25.3,2.86666666666667,9,90
"329","2012-05-17 06:00",32.212135328486,30.1,32,14.3,-5.56666666666667,6,77
"330","2013-03-20 12:00",21.3641121971377,22.4,22.8,18.7,-2.36666666666667,12,79
"331","2012-09-20 11:00",7.83453343108069,7.2,9.6,14.3,-5.23333333333333,11,48
"332","2012-04-25 11:00",9.25171203696945,5.7,8.6,11,-0.766666666666667,11,86
"333","2012-11-16 09:00",23.4828734587356,29.2,23.9,28.7,2.73333333333333,9,88
"334","2013-05-08 08:00",22.8129599260235,21.2,28.4,42.9,-5.13333333333333,8,94
"335","2012-05-01 15:00",17.066712277905,13.4,17.7,23.9,11.1333333333333,15,64
"336","2012-06-21 15:00",10.1085750051586,14.8,12.4,18.6,-4.13333333333333,15,92
"337","2012-11-09 07:00",30.0155781340867,46.9,23.9,10,15.7666666666667,7,78
"338","2012-09-26 07:00",28.9950877136489,24.4,26.3,15.8,1.73333333333333,7,92
"339","2012-09-26 10:00",10.9819827366528,9.6,9.6,17.7,1.73333333333333,10,86
"340","2013-04-03 10:00",7.06448600961577,7.9,8.9,14.6,-0.766666666666667,10,56
"341","2012-06-05 06:00",14.3560039383152,15.8,14.3,11,-3.36666666666667,6,88
"342","2010-10-13 13:00",10.7694116477814,12,10.5,10.5,2.86666666666667,13,62
"343","2012-09-03 13:00",36.8850843932188,39.7,41.6,36.8,3.96666666666667,13,43
"344","2012-04-12 13:00",19.9351060029764,23,19.6,25.8,9.56666666666667,13,78
"345","2012-06-20 13:00",9.67137986605718,8.6,12.4,10,5.4,13,31
"346","2012-05-25 10:00",25.7014379447371,29.2,29.2,33.9,3.96666666666667,10,57
"347","2013-04-03 11:00",7.73940373092645,7.6,7.9,8.9,-0.766666666666667,11,54
"348","2012-05-30 12:00",11.4092636835963,11.5,13.9,16.3,10.6666666666667,12,48
"349","2012-04-13 06:00",30.5416465519354,43,26.8,21.5,8.63333333333333,6,100
"350","2012-09-20 08:00",35.0039225524771,23.4,40.6,40.2,-5.23333333333333,8,69
"351","2010-11-09 13:00",23.2559548501644,19.6,21,20.1,11.7666666666667,13,91
"352","2013-03-28 07:00",46.3322261116388,42.7,41.9,19.8,9.03333333333333,7,82
"353","2013-05-31 14:00",8.1614549934423,5.2,5.7,8.1,4.76666666666667,14,52
"354","2010-11-12 15:00",20.861007855474,34.4,18.6,8.1,7.03333333333333,15,85
"355","2012-09-19 14:00",10.6446959789515,12.9,11.5,9.6,6.4,14,38
"356","2013-04-03 06:00",19.4972806405729,25.4,17.9,6.5,-0.766666666666667,6,84
"357","2012-09-28 09:00",10.7307852043877,7.2,14.3,25.3,-0.966666666666666,9,77
"358","2012-06-04 16:00",8.74009864121119,5.3,3.8,4.3,0.166666666666667,16,59
"359","2012-05-04 08:00",27.2663382273448,23.9,25.8,22,3.5,8,88
"360","2013-02-21 10:00",20.6434835879611,16.2,22.6,19.6,2.2,10,60
"361","2010-11-10 10:00",38.5024491468067,35.4,39.7,40.6,16.2333333333333,10,62
"362","2012-04-04 10:00",5.58480652557272,5.7,9.1,20.6,4.3,10,58
"363","2013-03-11 12:00",12.1586162496952,19.2,12,14,4.26666666666667,12,80
"364","2012-04-27 09:00",6.15700547272083,7.7,6.2,9.1,0.466666666666667,9,64
"365","2013-05-03 12:00",9.88363414950669,13.3,16.2,22.3,-26.46667,12,29
"366","2012-11-29 13:00",38.2510553923174,33.5,39.2,36.8,12.4,13,72
"367","2012-04-04 09:00",17.4768606117947,9.1,20.6,29.2,4.3,9,64
"368","2010-09-20 07:00",23.9438317388581,19.1,21.5,12,3.5,7,85
"369","2013-04-11 14:00",27.0046754503647,30.9,29.4,32.8,0.166666666666667,14,96
"370","2012-06-15 08:00",6.34374929002832,5.7,8.1,12,-2.23333333333333,8,69
"371","2012-06-04 14:00",7.19788367120133,4.3,3.8,4.8,0.166666666666667,14,64
"372","2012-05-08 08:00",25.4378600324858,19.6,27.3,32.5,-3,8,92
"373","2013-03-05 07:00",49.4774177029381,56.3,57.4,51.5,-7.93333333333334,7,93
"374","2012-06-11 13:00",15.3932806507938,19.6,15.8,22.5,2.86666666666667,13,98
"375","2012-09-03 06:00",18.7500150486843,22.5,18.2,19.1,3.96666666666667,6,84
"376","2013-05-06 12:00",14.2553991940399,11.9,17.3,16.1,1.23333333333333,12,48
"377","2012-11-19 14:00",14.4214600283404,10,10,7.7,16.7666666666667,14,69
"378","2012-04-06 06:00",35.9930739844571,55,33,25.8,7.8,6,86
"379","2013-04-10 14:00",19.4257514740993,17.7,18.2,23.6,17.6666666666667,14,62
"380","2013-03-25 07:00",10.6268417605976,15,10.8,4.6,4.66666666666667,7,65
"381","2012-09-10 15:00",10.9214902911707,7.2,6.7,4.8,6.83333333333333,15,67
"382","2013-05-03 11:00",12.4813507900752,16.2,22.3,36.5,-26.46667,11,31
"383","2012-05-24 10:00",36.547657731255,32.5,35.9,31.1,10.3333333333333,10,64
"384","2012-11-16 13:00",26.3303323204835,25.8,27.7,31.6,2.73333333333333,13,93
"385","2013-04-01 16:00",7.57720155225641,2.2,2.2,2.8,-0.766666666666666,16,48
"386","2013-03-11 14:00",12.563309424738,19.9,13.8,19.2,4.26666666666667,14,66
"387","2010-11-26 06:00",49.4429218132726,51.6,39.7,29.2,41.3,6,84
"388","2012-04-23 11:00",8.58054015131776,8.1,9.1,10.5,-3.03333333333333,11,85
"389","2010-10-07 09:00",61.6181421242226,64.1,61.7,53.1,28.53333,9,83
"390","2012-04-05 16:00",10.8454006923707,12.4,9.1,13.9,1.26666666666667,16,64
"391","2013-03-22 15:00",33.3386551270811,36.5,35.2,32.2,4.66666666666667,15,73
"392","2012-04-25 07:00",12.9509932534892,12,10,15.8,-0.766666666666667,7,93
"393","2012-11-08 16:00",39.1586258538303,62.2,37.8,27.7,14.0333333333333,16,62
"394","2012-11-19 16:00",17.6828451692933,15.8,12.9,10,16.7666666666667,16,77
"395","2010-10-11 11:00",8.70314135933489,8.6,10.5,14.3,3.66666666666667,11,56
"396","2012-04-13 09:00",35.377625244253,34.9,36.8,42.1,8.63333333333333,9,98
"397","2012-04-19 16:00",28.3984464876716,39.2,28.2,30.6,9.23333333333333,16,87
"398","2010-10-07 16:00",37.8130972228677,41.1,33.9,28.7,28.53333,16,76
"399","2010-10-12 15:00",9.01378439316586,8.6,5.3,6.7,4.3,15,62
"400","2013-03-25 13:00",13.2044127895862,15.1,13.7,15,4.66666666666667,13,68
"401","2013-03-22 16:00",33.2691718112212,34.4,36.5,35.2,4.66666666666667,16,71
"402","2010-11-09 07:00",29.686093787874,33,24.4,12.9,11.7666666666667,7,86
"403","2013-03-07 09:00",62.1145437048085,68.1,67.2,70.1,29,9,95
"404","2013-05-20 06:00",24.3203023197197,23.6,22.5,13.8,0.9,6,88
"405","2012-05-28 10:00",23.1754663150995,27.3,29.6,33.9,-5.1,10,54
"406","2013-04-29 12:00",7.65694512477423,8,9.3,11.7,2,12,39
"407","2012-11-02 13:00",12.3519994008253,13.4,10.5,8.6,15.1333333333333,13,60
"408","2010-10-04 13:00",38.0883195134387,41.1,39.2,40.2,12.5666666666667,13,89
"409","2012-05-04 13:00",25.3037371288741,26.8,23.9,19.6,3.5,13,84
"410","2012-09-26 11:00",11.1515266570876,9.1,9.6,9.6,1.73333333333333,11,88
"411","2013-04-01 12:00",6.59762921499614,5.6,5.5,6.1,-0.766666666666666,12,54
"412","2013-02-06 16:00",17.9996389047762,14,16.4,14.2,4.66666666666667,16,75
"413","2013-04-01 13:00",7.37283654798729,3,5.6,5.5,-0.766666666666666,13,49
"414","2013-05-16 07:00",32.368528123658,33.1,31.9,22.5,0.566666666666668,7,78
"415","2012-04-20 07:00",35.2133744289181,33.5,36.8,36.3,0.799999999999999,7,86
"416","2010-11-26 09:00",70.7732613639408,73.2,70.8,62.2,41.3,9,79
"417","2013-03-15 10:00",15.4044563255801,11.8,15.7,17.5,4.9,10,75
"418","2013-04-03 16:00",12.3540308694847,12,9.7,8.9,-0.766666666666667,16,56
"419","2012-06-12 11:00",17.8834391460932,21,18.2,20.1,1.6,11,86
"420","2010-09-21 08:00",41.1961040158192,30.6,41.1,28.2,-0.133333333333333,8,73
"421","2012-06-26 10:00",5.46410208017003,6.2,8.6,19.1,-0.966666666666666,10,45
"422","2012-09-18 12:00",9.30833653550351,7.2,10,9.6,2.73333333333333,12,47
"423","2012-09-07 16:00",15.9064233601093,22,18.2,18.2,2.06666666666667,16,31
"424","2012-04-27 08:00",7.09341646183661,6.2,9.1,12.9,0.466666666666667,8,68
"425","2013-05-08 15:00",9.75786658029749,8.7,8.5,11,-5.13333333333333,15,59
"426","2012-09-14 08:00",25.9074164030939,27.3,22.5,19.6,15.3,8,74
"427","2013-05-27 14:00",4.80246122154371,2.1,2.3,2.4,-2.4,14,38
"428","2012-05-24 13:00",23.7970045589062,15.8,23.9,25.8,10.3333333333333,13,65
"429","2010-11-11 11:00",7.70162854901825,3.8,0.5,1.9,1.1,11,87
"430","2013-02-12 08:00",37.4433542995319,36.6,35.5,28,8.03333333333333,8,76
"431","2013-03-14 11:00",37.4016710545305,32.1,41.7,48.6,18.4333333333333,11,51
"432","2013-04-08 15:00",14.4730899220729,16.4,16.4,20.1,3.26666666666667,15,48
"433","2012-04-27 14:00",12.9038172312708,6.2,12.4,10,0.466666666666667,14,53
"434","2013-03-21 08:00",55.6647461901618,47,60.2,50,6.03333333333334,8,83
"435","2012-04-09 15:00",10.4021537975775,6.2,7.7,6.7,1.43333333333333,15,90
"436","2012-09-11 07:00",28.1568448553575,21.5,27.7,13.9,2.56666666666667,7,64
"437","2010-10-11 10:00",11.9291408696599,10.5,14.3,18.6,3.66666666666667,10,63
"438","2013-05-24 12:00",25.1200680457392,26.8,23.9,19.9,4.06666666666667,12,90
"439","2013-03-28 13:00",9.34653691152106,11.4,10,13.5,9.03333333333333,13,55
"440","2010-11-11 10:00",7.54768044306087,0.5,1.9,5.7,1.1,10,88
"441","2012-04-20 08:00",30.9974802457707,29.6,33.5,36.8,0.799999999999999,8,80
"442","2012-09-05 11:00",6.61677263432452,5.7,7.7,9.6,1.43333333333333,11,45
"443","2012-11-05 09:00",41.8326986201071,36.8,41.6,41.6,15.9333333333333,9,88
"444","2010-11-11 15:00",11.5121221541701,7.7,7.7,3.8,1.1,15,64
"445","2013-02-08 11:00",39.6384420735564,33.1,43.7,51.2,19.6333333333333,11,64
"446","2012-09-27 11:00",16.6071587076434,13.9,18.6,20.6,3.96666666666667,11,63
"447","2012-11-09 08:00",51.6230516905609,40.2,46.9,23.9,15.7666666666667,8,82
"448","2013-04-08 07:00",37.6978831749294,36.7,42.4,45.3,3.26666666666667,7,73
"449","2012-05-07 12:00",9.30579050596092,7.2,10,8.1,-9.23333333333333,12,68
"450","2013-04-08 08:00",32.1919027014465,33.7,36.7,42.4,3.26666666666667,8,67
"451","2013-05-17 07:00",24.9423159024934,26.3,30,35.8,-8.9,7,80
"452","2012-05-04 11:00",24.7780276825102,19.6,23.9,21.5,3.5,11,85
"453","2012-04-12 07:00",44.4782492213159,46.4,43,35.9,9.56666666666667,7,93
"454","2010-09-29 12:00",8.20363089723132,7.7,5.3,7.2,1.73333333333333,12,73
"455","2012-04-09 13:00",9.6911388136622,6.7,6.7,8.1,1.43333333333333,13,90
"456","2013-02-20 08:00",28.4076905494153,28.8,30.8,33.8,-2.3,8,82
"457","2012-11-16 10:00",30.8979379603349,31.1,29.2,23.9,2.73333333333333,10,91
"458","2012-11-07 06:00",28.3514457157496,35.9,18.2,10.5,22.8,6,92
"459","2013-04-04 08:00",14.0212002113634,16.5,15.8,17.1,1.2,8,70
"460","2013-05-24 10:00",25.1717418222569,19.9,23.8,20.4,4.06666666666667,10,86
"461","2013-03-14 09:00",48.6938975100062,48.6,52,51.9,18.4333333333333,9,72
"462","2012-05-31 15:00",12.8284371792419,15.3,12,13.9,5.86666666666667,15,62
"463","2012-06-05 16:00",8.86681980761393,9.1,5.7,4.8,-3.36666666666667,16,95
"464","2013-03-22 06:00",21.5772505628279,18.7,19.9,10,4.66666666666667,6,73
"465","2012-09-04 10:00",29.295324430416,32,29.2,33,13.4,10,63
"466","2012-04-17 08:00",12.9319978261741,6.7,9.6,8.6,0.8,8,91
"467","2012-04-06 13:00",9.52795168838622,7.7,11.5,14.8,7.8,13,45
"468","2012-09-21 07:00",52.6542840674098,52.6,45.4,17.2,21.5333333333333,7,82
"469","2012-04-19 11:00",23.3233859674442,24.9,22.5,28.7,9.23333333333333,11,89
"470","2012-11-15 08:00",32.7655273091696,31.6,31.1,33.5,9.7,8,95
"471","2010-10-05 10:00",19.1049633236468,15.8,18.2,17.7,4.63333333333333,10,90
"472","2013-03-19 11:00",40.3055814159137,29.8,43.5,47.8,15.7333333333333,11,75
"473","2012-05-30 11:00",11.9431495633234,13.9,16.3,26.8,10.6666666666667,11,45
"474","2013-05-16 08:00",31.1479773718035,30.1,33.1,31.9,0.566666666666668,8,71
"475","2012-09-17 11:00",4.6513503263621,4.3,6.7,12.9,4.13333333333333,11,42
"476","2013-05-02 08:00",10.5547685104137,10.4,22.6,33.6,-5.53333333333333,8,25
"477","2012-09-10 10:00",8.76094112584597,7.2,6.7,12.9,6.83333333333333,10,71
"478","2010-09-03 06:00",35.811313937716,38.7,35.4,29.6,-2.23333333333333,6,93
"479","2012-04-05 06:00",15.6760841985642,14.3,12,7.2,1.26666666666667,6,89
"480","2013-05-02 15:00",15.5593826419313,14.2,15.1,9,-5.53333333333333,15,46
"481","2012-04-04 14:00",13.8975891885384,18.2,12,6.2,4.3,14,56
"482","2012-11-14 14:00",32.1868766812151,37.3,28.7,20.1,12.1,14,77
"483","2012-04-23 16:00",17.6871963686885,21,18.6,12.9,-3.03333333333333,16,90
"484","2012-09-19 13:00",8.03955716340036,11.5,9.6,11.5,6.4,13,38
"485","2013-02-22 12:00",10.2428397706176,11.9,11.3,13.9,7.43333333333333,12,60
"486","2010-10-11 13:00",8.73808139999931,8.1,8.6,8.6,3.66666666666667,13,45
"487","2013-03-19 08:00",33.999895279662,42.6,29.6,29.1,15.7333333333333,8,89
"488","2012-09-18 10:00",12.2537228898575,9.6,15.8,19.6,2.73333333333333,10,54
"489","2012-05-30 06:00",21.725153737402,18.6,14.3,6.7,10.6666666666667,6,94
"490","2013-03-18 07:00",64.7485336843675,67.7,58.3,33.9,56.1666633333333,7,100
"491","2013-05-22 14:00",27.2480298764995,27.6,26.9,25.6,8.7,14,69
"492","2010-09-30 13:00",16.8073027586045,16.7,15.8,15.8,14.0333333333333,13,59
"493","2012-06-04 08:00",8.20361892858934,2.9,1.9,2.4,0.166666666666667,8,96
"494","2012-09-20 12:00",6.51782822409367,4.8,7.2,9.6,-5.23333333333333,12,44
"495","2010-10-04 11:00",38.2396762382617,40.2,38.7,39.7,12.5666666666667,11,96
"496","2013-03-11 08:00",18.248748863074,15.1,17,7.9,4.26666666666667,8,71
"497","2012-04-12 12:00",26.3952737885079,19.6,25.8,24.4,9.56666666666667,12,68
"498","2010-09-28 10:00",31.2189211625959,27.7,29.6,30.6,9.86666666666667,10,84
"499","2013-03-22 13:00",29.8358268948582,32.2,31.6,33.3,4.66666666666667,13,76
"500","2012-11-08 11:00",24.2923015552404,22.5,24.9,35.9,14.0333333333333,11,68
"501","2012-05-01 10:00",51.8520087821767,48.8,54.5,45.9,11.1333333333333,10,100
"502","2013-05-27 12:00",3.47428445303198,2.4,2.8,3.7,-2.4,12,42
"503","2012-04-19 07:00",38.4494252119895,36.8,33.9,23,9.23333333333333,7,92
"504","2010-10-01 13:00",8.60096375727139,6.2,5.3,7.2,-1.76666666666667,13,91
"505","2013-03-19 16:00",15.6365636880693,31.5,14.7,23.9,15.7333333333333,16,66
"506","2010-11-12 08:00",19.1548013585442,20.6,17.7,10.5,7.03333333333333,8,69
"507","2012-06-14 15:00",17.9107213461624,21.5,20.6,16.7,-12.2666666666667,15,70
"508","2013-05-10 07:00",11.7471158321197,12.7,12.3,7.8,2.06666666666667,7,67
"509","2013-02-21 15:00",11.9121135764611,14.2,11.3,13.7,2.2,15,52
"510","2012-04-26 14:00",10.5685990030261,3.8,7.2,3.3,2.56666666666667,14,61
"511","2013-05-20 12:00",16.582364514879,19.1,16.9,16.4,0.9,12,85
"512","2010-10-01 15:00",9.85551451019896,8.6,7.7,6.2,-1.76666666666667,15,91
"513","2012-11-19 10:00",17.2745092349339,15.3,18.2,44.5,16.7666666666667,10,73
"514","2012-05-17 11:00",6.2505248899525,7.7,8.1,15.3,-5.56666666666667,11,50
"515","2012-09-25 16:00",10.1598441537737,9.1,7.7,9.1,2.9,16,78
"516","2013-03-21 06:00",40.8614021650681,50,40.4,35.9,6.03333333333334,6,89
"517","2012-05-31 13:00",15.545621588217,13.9,17.2,17.7,5.86666666666667,13,58
"518","2012-11-02 10:00",13.4471691685539,9.6,14.3,35.9,15.1333333333333,10,64
"519","2010-09-29 13:00",9.77907293095418,8.1,7.7,5.3,1.73333333333333,13,70
"520","2012-11-12 06:00",21.7514227926142,31.1,13.4,15.8,16.1,6,86
"521","2013-03-25 09:00",15.5894181286511,15.9,16.2,15,4.66666666666667,9,67
"522","2013-04-24 06:00",30.9979771965039,29.6,32.6,26.6,-3.8,6,77
"523","2012-04-23 08:00",7.0789454209859,7.2,11.5,20.1,-3.03333333333333,8,69
"524","2010-09-21 16:00",14.2166573918489,16.3,12.4,10.5,-0.133333333333333,16,54
"525","2012-06-12 08:00",15.6848718800322,13.9,13.4,14.3,1.6,8,93
"526","2012-09-14 07:00",24.6195722689698,22.5,19.6,8.6,15.3,7,75
"527","2013-02-04 15:00",11.1011438575603,12.7,9.5,7.7,12.4666666666667,15,47
"528","2010-09-20 13:00",9.22829853011232,9.6,9.1,11.5,3.5,13,49
"529","2013-03-05 15:00",16.4165018257598,15.9,17.6,13.1,-7.93333333333334,15,48
"530","2012-04-20 06:00",39.0783849032543,36.8,36.3,17.2,0.799999999999999,6,95
"531","2013-05-14 06:00",14.2540630028737,16.9,14,3.7,-1.8,6,76
"532","2012-09-14 13:00",10.2680284316901,8.1,12.4,13.9,15.3,13,44
"533","2012-05-30 08:00",30.580039949728,32,27.7,18.6,10.6666666666667,8,72
"534","2013-05-16 09:00",27.3986933676857,22.9,30.1,33.1,0.566666666666668,9,71
"535","2010-09-27 07:00",26.6773999517071,25.3,24.9,21.5,2.86666666666667,7,93
"536","2013-05-08 09:00",18.7101257911248,19.6,21.2,28.4,-5.13333333333333,9,94
"537","2012-04-26 13:00",8.38751958817509,7.2,3.3,5.3,2.56666666666667,13,74
"538","2012-11-12 08:00",51.6566296086858,43.5,48.3,31.1,16.1,8,84
"539","2012-06-13 09:00",6.22385195799741,16.3,13.9,26.3,-24.0666666666667,9,56
"540","2013-04-18 15:00",14.9816919163303,18.6,14.3,7.7,1.13333333333333,15,86
"541","2013-03-19 10:00",47.2458043925865,43.5,47.8,42.6,15.7333333333333,10,81
"542","2013-04-30 15:00",9.71590414723989,11.9,6.7,5.5,-4.4,15,58
"543","2012-11-12 07:00",37.3294892278427,48.3,31.1,13.4,16.1,7,85
"544","2012-04-13 16:00",22.378409710884,19.1,20.6,17.2,8.63333333333333,16,65
"545","2013-05-16 10:00",18.116952542279,5.5,22.9,30.1,0.566666666666668,10,57
"546","2013-04-19 15:00",14.1791199083682,13,14.5,15,1,15,55
"547","2010-10-01 11:00",8.26470560824598,7.2,4.8,4.8,-1.76666666666667,11,89
"548","2012-11-14 06:00",17.4336105320388,24.9,7.7,4.8,12.1,6,89
"549","2013-05-27 06:00",6.5488483706705,9.6,10.1,7.5,-2.4,6,57
"550","2012-05-07 07:00",34.3571734504367,16.7,37.3,29.6,-9.23333333333333,7,78
"551","2012-04-24 06:00",17.6288573989362,17.7,12,5.3,3.83333333333333,6,95
"552","2010-11-25 09:00",23.7527113840883,31.6,25.3,26.3,0.799999999999999,9,76
"553","2012-06-20 07:00",36.2677645308142,27.7,37.3,23.4,5.4,7,54
"554","2012-11-19 07:00",50.0478658167788,55.9,45.4,28.7,16.7666666666667,7,86
"555","2012-06-11 15:00",14.4351747821176,15.3,15.3,19.6,2.86666666666667,15,97
"556","2012-06-21 14:00",18.1804601456692,12.4,18.6,10,-4.13333333333333,14,85
"557","2012-09-07 15:00",15.6190052451461,18.2,18.2,14.8,2.06666666666667,15,30
"558","2012-06-11 14:00",19.6029165198292,15.3,19.6,15.8,2.86666666666667,14,97
"559","2013-03-26 07:00",12.7410296808707,15.8,13.5,9.6,2.83333333333333,7,65
"560","2010-09-17 13:00",7.82003455005361,10,7.2,6.2,3.33333333333333,13,44
"561","2010-09-27 16:00",44.9444620657592,52.6,50.2,41.6,2.86666666666667,16,73
"562","2013-02-04 13:00",9.39310408412999,7.7,11.5,12.3,12.4666666666667,13,46
"563","2013-04-09 09:00",35.3000685678229,37.3,42.5,53.5,2.83333333333333,9,90
"564","2013-05-02 16:00",14.014987949292,18.5,14.2,15.1,-5.53333333333333,16,48
"565","2012-09-05 14:00",6.0427474223488,5.7,3.8,4.3,1.43333333333333,14,41
"566","2013-04-22 16:00",13.9121530991792,13.3,13.3,12.6,-6.53333333333333,16,55
"567","2012-05-07 11:00",6.74413566376485,10,8.1,9.1,-9.23333333333333,11,69
"568","2012-11-05 08:00",46.0866298761456,41.6,41.6,25.8,15.9333333333333,8,94
"569","2012-06-12 16:00",15.540761934004,11,14.3,12.9,1.6,16,71
"570","2013-05-09 08:00",8.70988346537022,7.6,12.2,12.5,-0.966666666666667,8,56
"571","2012-06-13 11:00",12.5567261274461,12,18.6,16.3,-24.0666666666667,11,48
"572","2012-11-19 11:00",18.141012934441,13.4,15.3,18.2,16.7666666666667,11,72
"573","2012-06-20 16:00",12.408899756623,12.4,10,7.2,5.4,16,40
"574","2012-05-23 07:00",27.9026831146301,27.7,28.2,28.7,2.4,7,83
"575","2013-02-06 13:00",13.1023285849583,13.5,15.2,21.3,4.66666666666667,13,66
"576","2013-04-29 08:00",12.1507992877639,14.9,18,18.2,2,8,44
"577","2013-04-10 07:00",32.2966473916181,38.5,25.6,14.5,17.6666666666667,7,84
"578","2010-09-17 15:00",13.936641421487,13.9,12.9,10,3.33333333333333,15,45
"579","2012-06-14 11:00",5.40017344299671,5.7,7.7,11.5,-12.2666666666667,11,56
"580","2012-06-01 13:00",22.6642684014927,23.9,24.9,25.3,4,13,60
"581","2012-11-13 16:00",25.1211950223125,32,21.5,15.3,10.6666666666667,16,81
"582","2012-11-02 08:00",44.8450406776631,35.9,39.2,16.3,15.1333333333333,8,78
"583","2012-11-09 09:00",37.8989082011742,31.6,40.2,46.9,15.7666666666667,9,79
"584","2012-04-27 07:00",12.8205106823675,9.1,12.9,7.7,0.466666666666667,7,75
"585","2012-11-13 08:00",35.64167024693,31.6,32,26.3,10.6666666666667,8,87
"586","2010-10-28 08:00",21.6934041208252,19.6,21,19.6,3.36666666666667,8,84
"587","2012-04-13 10:00",34.5186318574297,30.1,34.9,36.8,8.63333333333333,10,89
"588","2013-03-14 16:00",25.7374556735376,32.6,26.3,27.2,18.4333333333333,16,43
"589","2013-02-08 08:00",52.076405512121,53.2,53.4,50.7,19.6333333333333,8,88
"590","2012-06-15 11:00",5.48304162458931,5.7,4.3,6.2,-2.23333333333333,11,66
"591","2013-05-02 13:00",7.99733964684362,9,8.3,3.9,-5.53333333333333,13,35
"592","2010-09-29 07:00",30.8650312575793,29.6,28.7,21,1.73333333333333,7,93
"593","2013-02-07 06:00",16.9566851637417,33.3,13.1,11.5,17.3333333333333,6,67
"594","2010-10-11 06:00",17.3136033591404,20.6,12.9,6.2,3.66666666666667,6,89
"595","2013-05-29 13:00",22.4538095220358,20.9,21.5,23.8,8.93333333333333,13,87
"596","2012-11-12 16:00",20.5049957462749,20.1,17.2,18.6,16.1,16,92
"597","2013-04-03 09:00",9.23640807937933,8.9,14.6,24.8,-0.766666666666667,9,58
"598","2013-05-10 13:00",9.7729214743768,7.3,10.3,11.9,2.06666666666667,13,45
"599","2012-11-14 07:00",29.8449010937698,24.4,24.9,7.7,12.1,7,89
"600","2013-03-28 11:00",14.6260758471889,13.5,15.7,16.9,9.03333333333333,11,56
"601","2012-04-04 12:00",13.3493737702744,6.2,13.4,5.7,4.3,12,57
"602","2012-09-07 08:00",31.270160257494,42.1,38.7,48.8,2.06666666666667,8,60
"603","2010-11-26 10:00",69.718475426413,81.8,73.2,70.8,41.3,10,73
"604","2012-04-19 12:00",27.0313506057609,22.5,24.9,22.5,9.23333333333333,12,91
"605","2010-11-10 08:00",41.8750465201622,40.6,35.9,16.7,16.2333333333333,8,77
"606","2012-09-26 09:00",16.9272978760415,9.6,17.7,24.4,1.73333333333333,9,89
"607","2010-10-13 11:00",7.81039600912703,10.5,9.6,15.3,2.86666666666667,11,64
"608","2013-04-04 12:00",14.5676236813718,15.8,14.7,13.2,1.2,12,82
"609","2012-04-20 13:00",9.98971006624967,10.5,9.6,10.5,0.799999999999999,13,73
"610","2013-05-13 10:00",6.10737234181031,8.6,7.8,8.6,-1.43333333333333,10,43
"611","2012-06-25 06:00",18.9894429626259,18.2,15.3,9.6,7.83333333333333,6,82
"612","2013-03-14 06:00",44.1386821636534,48.9,38.3,30.1,18.4333333333333,6,93
"613","2013-05-06 14:00",7.92809001932327,5.1,7,11.9,1.23333333333333,14,48
"614","2013-02-07 12:00",22.7436158308301,19.4,23.5,28.2,17.3333333333333,12,50
"615","2012-06-14 09:00",7.63004767800708,11.5,12,17.7,-12.2666666666667,9,60
"616","2012-09-20 13:00",5.659521360693,9.6,4.8,7.2,-5.23333333333333,13,43
"617","2012-11-12 10:00",31.2688657379635,22.5,33,43.5,16.1,10,76
"618","2013-05-13 14:00",8.76068765478407,6,8.3,11.2,-1.43333333333333,14,43
"619","2013-02-04 14:00",7.51998024895967,9.5,7.7,11.5,12.4666666666667,14,47
"620","2013-04-10 08:00",44.54750824114,45.7,38.5,25.6,17.6666666666667,8,81
"621","2013-02-20 15:00",11.9232379686057,13,12.9,17.9,-2.3,15,62
"622","2012-11-07 10:00",39.4261586573884,33.5,38.3,41.1,22.8,10,77
"623","2012-09-19 12:00",8.1575044890478,9.6,11.5,18.6,6.4,12,44
"624","2013-03-06 08:00",58.8987408215019,59.7,63.8,60.8,19.1333333333333,8,83
"625","2013-05-30 06:00",25.9261031919927,32.8,23.5,11.3,-1.7,6,95
"626","2012-04-25 10:00",11.8338598344487,8.6,11,12,-0.766666666666667,10,94
"627","2012-04-09 12:00",10.5356977997764,6.7,8.1,7.7,1.43333333333333,12,90
"628","2013-05-29 12:00",24.7633214867612,21.5,23.8,28.3,8.93333333333333,12,85
"629","2013-03-28 10:00",13.2084421891775,15.7,16.9,34.9,9.03333333333333,10,62
"630","2012-04-16 11:00",2.46685623644213,3.8,3.3,8.1,-9.9,11,41
"631","2012-09-17 10:00",7.34402592481878,6.7,12.9,22,4.13333333333333,10,45
"632","2012-09-28 13:00",6.56370315520434,4.3,4.3,5.7,-0.966666666666666,13,65
"633","2012-05-24 08:00",36.1270401020063,31.1,33,28.7,10.3333333333333,8,86
"634","2012-09-11 10:00",8.84103445613746,12,12.9,18.6,2.56666666666667,10,51
"635","2010-10-05 06:00",16.8320466029002,12.4,10.5,3.3,4.63333333333333,6,93
"636","2010-11-25 07:00",28.2313293900126,26.3,28.7,24.4,0.799999999999999,7,77
"637","2013-04-30 13:00",4.93355043679117,5.5,3,3.8,-4.4,13,44
"638","2013-03-22 09:00",29.1591590868392,30,28.8,24.8,4.66666666666667,9,75
"639","2012-09-25 12:00",10.42260186661,9.1,10,8.1,2.9,12,73
"640","2012-05-07 06:00",27.9844994447787,37.3,29.6,23,-9.23333333333333,6,90
"641","2012-06-13 15:00",14.5025292621751,11.5,17.7,15.8,-24.0666666666667,15,50
"642","2013-04-09 16:00",26.9771399671766,36.2,30.6,36.4,2.83333333333333,16,78
"643","2012-11-07 16:00",37.1059615171451,37.3,35.9,36.3,22.8,16,75
"644","2013-03-08 13:00",36.5423793985961,40,40.4,42.5,4.2,13,100
"645","2010-10-01 12:00",9.27647161668984,5.3,7.2,4.8,-1.76666666666667,12,90
"646","2013-04-08 13:00",22.7306889061183,20.1,26.7,30.2,3.26666666666667,13,52
"647","2012-09-13 06:00",33.0844042092297,41.1,27.7,11,11,6,85
"648","2010-10-01 07:00",12.4006809039895,9.6,12.4,13.4,-1.76666666666667,7,84
"649","2012-04-13 12:00",25.7846327012645,18.2,26.3,30.1,8.63333333333333,12,70
"650","2013-04-11 13:00",31.603175108954,29.4,32.8,28.3,0.166666666666667,13,100
"651","2012-09-13 11:00",31.1922605913484,19.6,33.5,26.8,11,11,43
"652","2013-05-17 15:00",10.8603429944226,11,10.8,13,-8.9,15,60
"653","2013-04-22 13:00",7.23587920719122,8.6,6.7,6.3,-6.53333333333333,13,42
"654","2012-06-08 13:00",9.26158792522454,5.7,7.2,5.7,1.43333333333333,13,72
"655","2012-09-10 13:00",7.84382109425115,4.8,3.3,8.1,6.83333333333333,13,64
"656","2012-09-27 16:00",15.5799817149224,33.9,15.8,17.7,3.96666666666667,16,62
"657","2012-11-08 14:00",27.346502669013,27.7,26.3,25.8,14.0333333333333,14,62
"658","2010-09-28 09:00",31.9373604898384,29.6,30.6,33,9.86666666666667,9,89
"659","2012-05-30 10:00",23.5017146444284,16.3,26.8,32,10.6666666666667,10,47
"660","2012-04-20 16:00",16.9972802125849,15.8,15.3,10,0.799999999999999,16,67
"661","2013-03-25 14:00",15.149403152917,16.3,15.1,13.7,4.66666666666667,14,65
"662","2013-04-04 14:00",13.8803138629942,19.8,14.5,15.8,1.2,14,90
"663","2010-10-07 06:00",47.1906856778345,37.8,39.2,14.8,28.53333,6,95
"664","2013-02-22 13:00",11.6210954611643,9.6,11.9,11.3,7.43333333333333,13,59
"665","2013-03-28 15:00",14.2808832856184,9,14,11.4,9.03333333333333,15,47
"666","2013-04-30 12:00",3.6606453729302,3,3.8,6.3,-4.4,12,40
"667","2013-05-21 12:00",14.1883161623961,17.3,14.3,14,3.2,12,76
"668","2013-04-08 16:00",16.2567566372537,29.4,16.4,16.4,3.26666666666667,16,50
"669","2012-06-21 09:00",17.3837883028315,22,20.6,32,-4.13333333333333,9,92
"670","2013-03-26 11:00",13.1864108415634,12.9,14.9,13.9,2.83333333333333,11,62
"671","2013-02-21 11:00",12.1591053441898,17.6,16.2,22.6,2.2,11,56
"672","2012-05-31 11:00",19.624437010324,17.7,21,23.9,5.86666666666667,11,66
"673","2010-10-01 06:00",14.9935459572133,12.4,13.4,6.2,-1.76666666666667,6,88
"674","2013-04-29 11:00",8.50514290994402,9.3,11.7,13.8,2,11,41
"675","2013-05-02 07:00",24.4604173451385,22.6,33.6,28.3,-5.53333333333333,7,33
"676","2013-03-08 15:00",40.3449909676147,44,45.3,40,4.2,15,100
"677","2013-04-30 09:00",9.08870435396118,10,13.3,19.1,-4.4,9,49
"678","2010-11-11 13:00",8.99369281894548,3.8,4.8,3.8,1.1,13,80
"679","2012-05-17 10:00",11.4765857179376,8.1,15.3,18.6,-5.56666666666667,10,52
"680","2012-05-08 09:00",16.8522057893988,14.8,19.6,27.3,-3,9,86
"681","2013-03-26 09:00",14.4466242236697,13.9,16,15.8,2.83333333333333,9,65
"682","2012-09-04 15:00",8.86391576164501,10,12.4,34.9,13.4,15,53
"683","2013-02-22 16:00",16.2664571750652,19.5,13.3,8.2,7.43333333333333,16,61
"684","2012-09-28 11:00",7.13892816259365,5.7,7.2,7.2,-0.966666666666666,11,67
"685","2013-05-17 09:00",8.89986237451729,9,14.8,26.3,-8.9,9,64
"686","2012-06-04 11:00",7.53326511880653,3.3,2.9,1.9,0.166666666666667,11,73
"687","2013-05-28 11:00",32.0735723447339,35.6,31.5,29.3,4.06666666666667,11,86
"688","2013-05-09 16:00",8.28921463380548,4.4,2.8,2.1,-0.966666666666667,16,52
"689","2012-05-23 15:00",21.4405639475448,18.2,24.9,27.3,2.4,15,57
"690","2013-05-01 16:00",10.5940916465564,12.4,9.2,14.5,2.6,16,41
"691","2010-09-21 12:00",8.67850584186998,9.1,11.5,19.6,-0.133333333333333,12,69
"692","2013-03-08 16:00",37.9287112094125,42.4,44,45.3,4.2,16,100
"693","2012-06-01 07:00",23.7910562886826,23.4,23.4,21.5,4,7,79
"694","2010-10-11 14:00",8.32675041404849,6.7,8.1,8.6,3.66666666666667,14,38
"695","2012-04-06 14:00",8.35759841300128,7.2,7.7,11.5,7.8,14,46
"696","2012-06-07 16:00",13.1113675036578,8.1,14.3,13.9,-2.06666666666667,16,96
"697","2010-10-13 16:00",15.2241215720225,12.9,12.9,9.6,2.86666666666667,16,63
"698","2013-05-16 14:00",9.76452756934224,10.5,6.8,4.3,0.566666666666668,14,57
"699","2012-05-01 14:00",25.1993142378151,17.7,23.9,23,11.1333333333333,14,71
"700","2013-04-18 06:00",4.85015137535663,7.3,5.6,0.3,1.13333333333333,6,61
"701","2012-09-20 09:00",15.1402547047561,14.3,23.4,40.6,-5.23333333333333,9,59
"702","2012-04-04 11:00",6.54193934404212,13.4,5.7,9.1,4.3,11,60
"703","2010-09-20 06:00",16.6530316671012,21.5,12,6.2,3.5,6,89
"704","2012-09-21 13:00",29.7890960045257,22.5,27.7,26.3,21.5333333333333,13,54
"705","2012-04-17 07:00",12.9628168683414,9.6,8.6,6.2,0.8,7,91
"706","2012-06-13 14:00",13.193889748945,17.7,15.8,12,-24.0666666666667,14,53
"707","2013-04-08 11:00",29.4459113877803,30.2,32.6,33.3,3.26666666666667,11,56
"708","2013-04-26 08:00",28.0047781461971,25,26.2,24.3,4.1,8,94
"709","2013-03-20 09:00",11.3506692508578,17.8,15.3,23.3,-2.36666666666667,9,72
"710","2013-03-11 11:00",14.7165432684428,12,14,12.3,4.26666666666667,11,83
"711","2012-06-13 10:00",10.6833029065643,18.6,16.3,13.9,-24.0666666666667,10,53
"712","2012-05-28 11:00",20.8025738684348,25.3,27.3,29.6,-5.1,11,49
"713","2012-06-15 15:00",8.78171012390952,5.3,5.7,6.7,-2.23333333333333,15,60
"714","2013-05-01 15:00",15.2016847039428,9.2,14.5,6.4,2.6,15,40
"715","2012-05-23 10:00",36.5919676742364,35.4,38.3,32,2.4,10,62
"716","2012-04-24 08:00",21.4755275906384,20.6,20.1,17.7,3.83333333333333,8,87
"717","2010-09-03 12:00",9.51990890003295,11.5,12,18.2,-2.23333333333333,12,56
"718","2010-09-03 09:00",20.2688805580578,19.1,24.9,34.9,-2.23333333333333,9,72
"719","2012-11-13 09:00",33.0671924321768,31.6,31.6,32,10.6666666666667,9,81
"720","2013-03-05 14:00",11.9235652580395,17.6,13.1,13.1,-7.93333333333334,14,47
"721","2012-04-27 06:00",11.0396354172186,12.9,7.7,3.8,0.466666666666667,6,81
"722","2012-06-26 11:00",5.92174096856205,5.7,6.2,8.6,-0.966666666666666,11,48
"723","2012-09-04 12:00",32.9137005828012,41.1,33.9,32,13.4,12,48
"724","2012-09-20 16:00",11.722918120891,13.4,10,11,-5.23333333333333,16,58
"725","2012-06-08 12:00",8.13136639475788,7.2,5.7,5.7,1.43333333333333,12,71
"726","2012-09-05 12:00",5.68004438993187,4.3,5.7,7.7,1.43333333333333,12,43
"727","2013-03-11 13:00",20.0808165699484,13.8,19.2,12,4.26666666666667,13,69
"728","2012-06-08 15:00",9.77648752071784,10.5,6.7,5.7,1.43333333333333,15,75
"729","2012-11-29 11:00",43.6183583743283,36.8,45.9,43.5,12.4,11,77
"730","2012-11-15 07:00",36.6077678629647,31.1,33.5,30.6,9.7,7,95
"731","2012-04-26 11:00",7.08930909780421,5.3,4.8,11,2.56666666666667,11,71
"732","2013-03-14 07:00",51.5476191299266,51.9,48.9,38.3,18.4333333333333,7,92
"733","2012-06-13 12:00",6.81810012219116,12,12,18.6,-24.0666666666667,12,49
"734","2012-09-27 14:00",16.1025460648353,17.7,17.7,15.3,3.96666666666667,14,54
"735","2013-05-21 09:00",16.2100477434381,16.6,16.2,15,3.2,9,77
"736","2012-04-12 11:00",19.4140516841134,25.8,24.4,45.9,9.56666666666667,11,74
"737","2013-05-09 10:00",6.48459204039131,3.2,7.9,7.6,-0.966666666666667,10,45
"738","2012-11-09 06:00",17.6630141063516,23.9,10,4.8,15.7666666666667,6,75
"739","2013-04-08 09:00",30.5652312462399,33.3,33.7,36.7,3.26666666666667,9,62
"740","2013-05-22 09:00",41.2906104821307,41,39.1,29,8.7,9,78
"741","2012-11-29 14:00",31.206849172519,44.5,33.5,39.2,12.4,14,72
"742","2013-04-26 11:00",8.76032117957729,11.6,13,24.5,4.1,11,55
"743","2013-04-10 10:00",46.438761832544,41.7,48.3,45.7,17.6666666666667,10,69
"744","2013-05-21 15:00",13.547765082616,12.9,11.8,10.1,3.2,15,73
"745","2012-04-12 14:00",25.14700065453,25.8,23,19.6,9.56666666666667,14,76
"746","2012-05-25 12:00",22.9553834022416,27.7,26.8,29.2,3.96666666666667,12,49
"747","2012-09-07 12:00",20.5202349831309,21,29.2,35.4,2.06666666666667,12,29
"748","2010-09-28 16:00",42.3248671254995,50.2,43,31.1,9.86666666666667,16,77
"749","2012-06-20 14:00",7.04269847740094,7.2,8.6,12.4,5.4,14,28
"750","2012-11-16 15:00",32.9943954268331,38.7,33,25.8,2.73333333333333,15,94
"751","2012-04-04 15:00",18.8049182096046,27.3,18.2,12,4.3,15,62
"752","2010-11-25 10:00",31.1584526041508,27.7,31.6,25.3,0.799999999999999,10,75
"753","2010-10-12 13:00",7.51243484979781,6.7,4.3,4.3,4.3,13,61
"754","2013-03-19 12:00",26.7102777544176,28.8,29.8,43.5,15.7333333333333,12,65
"755","2013-04-08 10:00",30.8334941349421,32.6,33.3,33.7,3.26666666666667,10,62
"756","2012-05-08 14:00",19.7322383524098,9.1,23,21,-3,14,68
"757","2012-05-17 07:00",26.1622358519369,24.9,30.1,32,-5.56666666666667,7,74
"758","2013-03-15 06:00",12.8817567611195,15.3,7.9,6.6,4.9,6,80
"759","2010-09-21 07:00",29.1257539448246,41.1,28.2,23,-0.133333333333333,7,91
"760","2010-11-10 09:00",41.7142680921595,39.7,40.6,35.9,16.2333333333333,9,68
"761","2012-05-23 12:00",30.9995879785993,34.4,34.9,35.4,2.4,12,56
"762","2010-11-24 06:00",49.9434785039044,46.4,44,44.9,41.43333,6,81
"763","2012-05-31 14:00",13.0327836528021,12,13.9,17.2,5.86666666666667,14,61
"764","2012-05-07 14:00",9.15156381471218,9.1,8.1,7.2,-9.23333333333333,14,83
"765","2012-05-31 07:00",22.8095202349772,26.3,21.5,18.6,5.86666666666667,7,80
"766","2010-10-11 07:00",22.7673407836495,21,20.6,12.9,3.66666666666667,7,85
"767","2010-10-11 09:00",17.2166519820614,14.3,18.6,21,3.66666666666667,9,70
"768","2012-04-24 14:00",16.2344482975025,16.7,16.7,16.7,3.83333333333333,14,69
"769","2013-05-31 15:00",9.08573445946557,6,5.2,5.7,4.76666666666667,15,51
"770","2013-05-01 08:00",18.4052679328457,20.8,20.6,25.8,2.6,8,71
"771","2013-02-20 11:00",14.5984478259326,21.9,18.6,24.6,-2.3,11,69
"772","2013-02-12 09:00",36.0680638973842,36.2,36.6,35.5,8.03333333333333,9,76
"773","2012-06-13 13:00",9.27030649551376,15.8,12,12,-24.0666666666667,13,51
"774","2012-09-06 12:00",6.81973988968642,7.7,8.1,12.4,-5.43333333333333,12,42
"775","2010-10-05 13:00",11.9662630655109,16.3,11.5,13.9,4.63333333333333,13,81
"776","2010-11-24 16:00",55.8895464906922,62.6,56.4,56.9,41.43333,16,75
"777","2013-04-08 14:00",15.7818291582049,16.4,20.1,26.7,3.26666666666667,14,49
"778","2013-05-01 07:00",27.2580877269272,20.6,25.8,20.8,2.6,7,88
"779","2013-02-20 09:00",26.3374405421845,24.6,28.8,30.8,-2.3,9,79
"780","2012-09-06 08:00",38.6140586429569,40.2,50.2,55.5,-5.43333333333333,8,54
"781","2013-05-28 09:00",25.087261825095,29.3,29.7,45.4,4.06666666666667,9,89
"782","2012-09-07 06:00",49.3914471614677,48.8,46.4,20.1,2.06666666666667,6,84
"783","2010-09-17 09:00",27.1267435866774,12,31.1,34.9,3.33333333333333,9,53
"784","2012-06-11 08:00",28.2474921651856,26.8,26.3,21.5,2.86666666666667,8,98
"785","2013-02-20 12:00",19.1855931652637,18.6,21.9,18.6,-2.3,12,65
"786","2012-05-01 07:00",35.5487692147809,40.6,31.6,19.1,11.1333333333333,7,100
"787","2010-11-09 14:00",21.7007212903155,20.1,19.6,21,11.7666666666667,14,89
"788","2010-09-17 12:00",6.1317006383125,7.2,6.2,7.7,3.33333333333333,12,43
"789","2013-04-24 09:00",12.2709080377844,15.1,16.6,19.9,-3.8,9,64
"790","2012-09-19 09:00",32.3724828585208,27.7,36.8,41.6,6.4,9,54
"791","2012-09-20 14:00",11.4099427474488,11,9.6,4.8,-5.23333333333333,14,51
"792","2013-04-11 10:00",19.9342958120647,21.4,20.3,21,0.166666666666667,10,100
"793","2010-11-10 16:00",30.1948498437781,31.6,28.2,23,16.2333333333333,16,57
"794","2013-03-07 07:00",66.9936036631367,70.1,67.9,56,29,7,95
"795","2012-11-13 13:00",12.6815495481404,12.4,12.9,16.7,10.6666666666667,13,63
"796","2012-04-23 09:00",6.11537655348551,10.5,7.2,11.5,-3.03333333333333,9,69
"797","2013-05-29 15:00",28.4153575693845,27.5,25.6,20.9,8.93333333333333,15,84
"798","2013-05-27 16:00",6.98262192696327,3.4,1.9,2.1,-2.4,16,41
"799","2012-04-16 10:00",4.81373104193581,3.3,8.1,21,-9.9,10,41
"800","2013-02-06 08:00",11.9624235825877,17.7,10.9,7.7,4.66666666666667,8,73
"801","2012-05-01 08:00",42.7946442589491,45.9,40.6,31.6,11.1333333333333,8,100
"802","2012-04-16 13:00",6.63520724878427,11.5,6.2,3.8,-9.9,13,37
"803","2010-10-04 15:00",40.8471912351003,49.7,43,41.1,12.5666666666667,15,82
"804","2010-09-21 14:00",12.967035579865,10.5,12,9.1,-0.133333333333333,14,70
"805","2013-04-22 07:00",26.6713991129096,22.9,31.1,34.4,-6.53333333333333,7,75
"806","2012-09-25 09:00",11.0721251912706,6.2,13.9,20.6,2.9,9,65
"807","2012-05-04 10:00",21.5294483822062,23.9,21.5,23.9,3.5,10,85
"808","2012-05-01 11:00",43.2227753900522,37.3,48.8,54.5,11.1333333333333,11,91
"809","2012-11-21 08:00",23.8539975344515,22.5,22.5,23,5.26666666666667,8,89
"810","2012-11-29 12:00",32.8462062926639,39.2,36.8,45.9,12.4,12,74
"811","2013-03-07 10:00",63.7962192702933,71.2,68.1,67.2,29,10,94
"812","2012-06-12 14:00",15.6573364494111,12.9,15.3,13.4,1.6,14,79
"813","2013-04-26 07:00",27.3860577457518,26.2,24.3,15.6,4.1,7,93
"814","2012-09-11 14:00",9.10596462829588,15.3,9.1,9.6,2.56666666666667,14,39
"815","2013-04-10 06:00",23.3461370456246,25.6,14.5,12.1,17.6666666666667,6,86
"816","2010-10-07 07:00",42.1870805744765,53.1,37.8,39.2,28.53333,7,94
"817","2013-03-06 14:00",45.3919502409632,55,51.8,55.1,19.1333333333333,14,56
"818","2013-02-06 09:00",19.3054670318205,22.1,17.7,10.9,4.66666666666667,9,78
"819","2012-05-28 16:00",14.7217390925352,16.7,16.3,19.6,-5.1,16,54
"820","2013-03-22 07:00",17.990920991111,24.8,18.7,19.9,4.66666666666667,7,71
"821","2013-04-04 13:00",15.5333434744578,14.5,15.8,14.7,1.2,13,84
"822","2012-04-05 13:00",9.58720484779488,11,9.1,10.5,1.26666666666667,13,71
"823","2012-05-31 06:00",20.1196573436004,21.5,18.6,16.3,5.86666666666667,6,82
"824","2012-09-25 11:00",9.93848923526629,10,8.1,6.2,2.9,11,78
"825","2012-06-15 14:00",9.20712021333946,5.7,6.7,5.3,-2.23333333333333,14,58
"826","2012-11-09 13:00",15.6554118678443,8.1,13.9,20.1,15.7666666666667,13,71
"827","2012-04-25 12:00",8.22701975809443,6.2,5.7,8.6,-0.766666666666667,12,82
"828","2012-11-09 11:00",27.3424749472006,20.1,25.3,31.6,15.7666666666667,11,79
"829","2012-04-09 14:00",9.94018254141482,7.7,6.7,6.7,1.43333333333333,14,91
"830","2012-06-14 13:00",8.39448627527861,16.7,7.7,5.7,-12.2666666666667,13,60
"831","2012-11-13 14:00",14.5168712072439,15.3,12.4,12.9,10.6666666666667,14,72
"832","2012-06-21 12:00",10.6247184164331,10,12.9,15.3,-4.13333333333333,12,87
"833","2013-05-06 06:00",20.3924027305413,21.5,21.9,22.1,1.23333333333333,6,72
"834","2012-11-14 10:00",27.8023640394577,16.7,25.8,31.1,12.1,10,87
"835","2013-05-09 07:00",9.90786190543139,12.2,12.5,11.5,-0.966666666666667,7,63
"836","2012-11-21 16:00",35.4015388302589,32.5,35.4,28.2,5.26666666666667,16,89
"837","2013-05-30 15:00",13.7909215062774,13.8,14.6,15.2,-1.7,15,88
"838","2012-06-05 08:00",6.14140635136831,5.7,7.7,15.8,-3.36666666666667,8,72
"839","2010-11-26 11:00",77.3065028384625,87,81.8,73.2,41.3,11,68
"840","2010-09-30 12:00",15.2307902993171,15.8,15.8,24.4,14.0333333333333,12,60
"841","2013-02-22 06:00",7.81275377518008,17,7,1.7,7.43333333333333,6,62
"842","2012-06-14 07:00",24.926541267639,17.7,32,37.3,-12.2666666666667,7,70
"843","2013-03-18 06:00",47.846776978874,58.3,33.9,32.4,56.1666633333333,6,99
"844","2013-04-22 08:00",16.9171004190669,14.2,22.9,31.1,-6.53333333333333,8,67
"845","2013-03-08 09:00",42.5851265478627,47.1,47,48.9,4.2,9,100
"846","2010-11-24 09:00",67.2764322394239,75.1,65,53.5,41.43333,9,77
"847","2012-09-10 08:00",13.0691640364332,12.9,9.1,9.1,6.83333333333333,8,78
"848","2010-09-03 13:00",10.7202491148367,11.5,11.5,12,-2.23333333333333,13,56
"849","2010-11-11 07:00",11.5842090928589,7.2,7.2,7.2,1.1,7,87
"850","2010-10-04 16:00",46.3620186492694,47.3,49.7,43,12.5666666666667,16,84
"851","2013-03-25 11:00",12.472659635628,15,13.8,15.9,4.66666666666667,11,66
"852","2013-03-21 12:00",21.2705198905456,21,21.5,20.8,6.03333333333334,12,70
"853","2012-09-19 16:00",16.7239862073113,29.2,16.3,12.9,6.4,16,42
"854","2013-05-01 06:00",23.695051077766,25.8,20.8,11.6,2.6,6,92
"855","2012-09-27 12:00",11.1399922840679,15.3,13.9,18.6,3.96666666666667,12,56
"856","2013-03-07 11:00",66.1283946612679,66.3,71.2,68.1,29,11,92
"857","2013-04-29 07:00",14.8770797516566,18,18.2,12.3,2,7,53
"858","2013-04-18 10:00",5.89693651100812,4.1,6.4,6.5,1.13333333333333,10,51
"859","2010-09-28 13:00",21.5845144289631,28.7,20.6,20.6,9.86666666666667,13,72
"860","2012-09-06 11:00",8.14228151396647,8.1,12.4,26.8,-5.43333333333333,11,43
"861","2012-11-15 10:00",41.5829827844267,43.5,40.2,31.6,9.7,10,96
"862","2013-02-12 11:00",26.2498310840436,26.1,28,36.2,8.03333333333333,11,74
"863","2012-05-31 16:00",17.2092388014409,15.8,15.3,12,5.86666666666667,16,67
"864","2013-02-07 07:00",38.9427445755169,48.1,33.3,13.1,17.3333333333333,7,70
"865","2013-05-20 10:00",18.6670368236197,16.4,19.4,23.2,0.9,10,87
"866","2013-05-16 11:00",3.22416748516109,4.2,5.5,22.9,0.566666666666668,11,48
"867","2010-10-07 15:00",33.0881651284821,33.9,28.7,30.1,28.53333,15,72
"868","2013-04-26 13:00",14.6778391882725,12.2,16.4,11.6,4.1,13,48
"869","2012-11-02 12:00",10.3828438024528,10.5,8.6,9.6,15.1333333333333,12,60
"870","2013-04-26 14:00",11.3414363403455,9.5,12.2,16.4,4.1,14,51
"871","2010-10-05 11:00",15.9665511607676,13.9,15.8,18.2,4.63333333333333,11,85
"872","2013-03-14 15:00",25.9723657511841,26.3,27.2,24,18.4333333333333,15,39
"873","2013-04-29 16:00",12.4274942545717,10,12,12.6,2,16,35
"874","2012-05-04 09:00",23.9669249212985,21.5,23.9,25.8,3.5,9,85
"875","2012-09-03 08:00",24.045309887456,17.7,24.9,22.5,3.96666666666667,8,67
"876","2012-06-04 07:00",9.67122889456902,1.9,2.4,2.9,0.166666666666667,7,101
"877","2010-09-03 16:00",11.7911941037222,12,9.6,10.5,-2.23333333333333,16,60
"878","2012-06-05 11:00",4.94259037011737,3.3,3.3,3.8,-3.36666666666667,11,64
"879","2012-09-05 07:00",23.3694036044518,23.9,24.4,17.7,1.43333333333333,7,64
"880","2012-05-28 14:00",17.3640464737214,19.6,22,22.5,-5.1,14,53
"881","2010-09-30 16:00",20.6425295505967,20.6,17.2,15.8,14.0333333333333,16,68
"882","2012-11-02 16:00",32.0386707764826,44.5,27.3,14.8,15.1333333333333,16,68
"883","2012-06-01 15:00",20.4162080207307,23,22,23.9,4,15,65
"884","2010-10-05 16:00",19.2323758605528,19.6,18.2,16.7,4.63333333333333,16,81
"885","2012-09-21 16:00",37.7057385630144,44,35.4,29.6,21.5333333333333,16,59
"886","2013-05-30 16:00",13.4613060258118,13.7,13.8,14.6,-1.7,16,85
"887","2012-04-17 15:00",13.1136545658889,15.3,12.9,13.9,0.8,15,55
"888","2010-11-25 15:00",25.79360539399,33.9,27.3,25.3,0.799999999999999,15,70
"889","2013-05-20 14:00",18.5889754879456,18.8,19.2,19.1,0.9,14,80
"890","2013-05-21 14:00",9.56389071343845,11.8,10.1,17.3,3.2,14,73
"891","2013-04-17 10:00",9.8852359840435,7.9,10.3,10.6,0.0333333333333332,10,80
"892","2013-03-14 10:00",44.1600099903765,41.7,48.6,52,18.4333333333333,10,60
"893","2013-03-19 06:00",27.2217949738641,29.1,21.1,15.3,15.7333333333333,6,90
"894","2013-03-11 10:00",11.7349249542869,14,12.3,15.1,4.26666666666667,10,75
"895","2012-06-20 06:00",22.3471038320585,37.3,23.4,23,5.4,6,64
"896","2012-06-12 07:00",17.0034493680037,13.4,14.3,9.6,1.6,7,92
"897","2013-05-13 06:00",14.2146969697603,19.4,13.3,3,-1.43333333333333,6,81
"898","2013-03-11 15:00",21.1757262841046,9.4,19.9,13.8,4.26666666666667,15,71
"899","2013-05-28 15:00",19.4749291976162,17.3,19.1,19.4,4.06666666666667,15,93
"900","2013-04-18 08:00",5.18588216813081,6.5,7.4,7.3,1.13333333333333,8,55
"901","2012-09-05 13:00",5.17657157748301,3.8,4.3,5.7,1.43333333333333,13,41
"902","2012-05-04 07:00",24.0768361867787,25.8,22,17.7,3.5,7,94
"903","2012-06-22 10:00",8.83166039346344,5.3,9.1,6.2,1.43333333333333,10,68
"904","2012-05-08 16:00",11.2671996313801,8.1,8.6,9.1,-3,16,61
"905","2012-05-30 16:00",16.5032424498457,11.5,15.8,16.3,10.6666666666667,16,54
"906","2013-05-06 10:00",9.87377875841629,16.1,14.6,20.2,1.23333333333333,10,49
"907","2012-09-20 10:00",9.65631424744606,9.6,14.3,23.4,-5.23333333333333,10,53
"908","2012-09-03 12:00",33.2643096485903,41.6,36.8,34.4,3.96666666666667,12,48
"909","2012-06-15 12:00",7.25508747835594,5.3,5.7,4.3,-2.23333333333333,12,66
"910","2010-09-28 07:00",38.1861467739106,33,33.5,20.6,9.86666666666667,7,93
"911","2013-05-21 10:00",16.5236489483903,14,16.6,16.2,3.2,10,78
"912","2012-09-20 07:00",35.154068845669,40.6,40.2,40.6,-5.23333333333333,7,77
"913","2013-05-21 06:00",12.9139929963437,16,7.6,3.5,3.2,6,83
"914","2012-05-07 16:00",10.4507972329175,4.3,8.1,9.1,-9.23333333333333,16,70
"915","2013-05-29 09:00",42.468947505236,37.8,39,23.9,8.93333333333333,9,75
"916","2012-09-06 16:00",14.1003654038455,15.8,13.4,12,-5.43333333333333,16,44
"917","2013-05-17 12:00",8.57228466713894,9.3,8.7,6.8,-8.9,12,67
"918","2013-05-03 13:00",8.7877511893692,12.3,13.3,16.2,-26.46667,13,28
"919","2012-04-12 06:00",39.6963874424718,43,35.9,29.2,9.56666666666667,6,93
"920","2013-04-26 06:00",19.3752233266856,24.3,15.6,10.8,4.1,6,92
"921","2013-02-07 14:00",17.3595267614359,24.1,16.6,19.4,17.3333333333333,14,54
"922","2010-09-20 16:00",17.7085942842588,18.2,16.3,10.5,3.5,16,50
"923","2013-05-20 15:00",18.364140683268,17.8,18.8,19.2,0.9,15,81
"924","2013-04-19 14:00",14.4060823397709,14.5,15,12.8,1,14,54
"925","2012-09-14 15:00",10.3949249752775,10,9.6,8.1,15.3,15,47
"926","2012-11-16 12:00",31.219443830061,27.7,31.6,31.1,2.73333333333333,12,93
"927","2012-04-05 09:00",14.8614235419572,13.4,15.3,16.3,1.26666666666667,9,82
"928","2012-05-01 13:00",20.717776144836,23.9,23,37.3,11.1333333333333,13,70
"929","2012-11-13 12:00",15.383824530433,12.9,16.7,23.9,10.6666666666667,12,60
"930","2013-05-09 15:00",6.9154252797963,2.8,2.1,0.6,-0.966666666666667,15,45
"931","2013-02-04 08:00",34.642748187958,35.7,30.1,17,12.4666666666667,8,76
"932","2010-10-13 07:00",10.1977023399443,10,8.1,8.6,2.86666666666667,7,75
"933","2012-06-08 10:00",8.2642497027233,5.7,4.8,5.3,1.43333333333333,10,79
"934","2013-04-03 08:00",21.6422521808385,14.6,24.8,25.4,-0.766666666666667,8,64
"935","2013-05-17 16:00",12.3407856325137,10,11,10.8,-8.9,16,61
"936","2012-09-17 13:00",6.4778266825456,4.8,4.8,4.3,4.13333333333333,13,46
"937","2012-04-26 08:00",12.834312969466,9.6,11,10,2.56666666666667,8,81
"938","2013-03-07 14:00",58.9998734946372,63.9,64.3,66.2,29,14,92
"939","2013-03-28 09:00",31.1417895451148,16.9,34.9,42.7,9.03333333333333,9,62
"940","2013-03-07 16:00",62.5536144267229,71.8,69.4,63.9,29,16,95
"941","2012-09-05 15:00",8.96218397158831,10.5,5.7,3.8,1.43333333333333,15,43
"942","2012-04-23 12:00",8.76682103580254,7.7,8.1,9.1,-3.03333333333333,12,89
"943","2013-02-20 07:00",32.4590010907705,30.8,33.8,33.7,-2.3,7,90
"944","2012-04-13 11:00",29.3570183909549,26.3,30.1,34.9,8.63333333333333,11,79
"945","2010-09-29 09:00",20.4268173539543,15.8,21.5,29.6,1.73333333333333,9,90
"946","2012-11-21 14:00",15.635944380284,28.2,14.3,11,5.26666666666667,14,88
"947","2012-09-14 10:00",14.8426748260058,14.3,13.9,27.3,15.3,10,67
"948","2013-04-09 14:00",31.7714731681567,36.4,31.9,25,2.83333333333333,14,72
"949","2012-04-13 07:00",45.9448894572995,42.1,43,26.8,8.63333333333333,7,100
"950","2010-11-24 12:00",79.943484051415,83.2,88,83.2,41.43333,12,67
"951","2013-04-30 16:00",14.5471961085181,10.8,11.9,6.7,-4.4,16,64
"952","2013-04-22 15:00",13.5638128255415,13.3,12.6,8.6,-6.53333333333333,15,51
"953","2012-09-03 11:00",32.2301003019443,36.8,34.4,28.2,3.96666666666667,11,51
"954","2012-09-11 08:00",17.8029263436632,18.6,21.5,27.7,2.56666666666667,8,59
"955","2013-02-08 06:00",49.644216008778,50.7,45.7,36.5,19.6333333333333,6,89
"956","2013-03-21 14:00",22.0501839591796,27.7,22.6,21,6.03333333333334,14,66
"957","2013-05-16 15:00",12.9908462106187,22.9,10.5,6.8,0.566666666666668,15,61
"958","2013-02-07 08:00",50.9299495176356,47.8,48.1,33.3,17.3333333333333,8,67
"959","2012-04-12 10:00",42.1211579409251,24.4,45.9,44,9.56666666666667,10,63
"960","2013-03-15 16:00",12.7232002625875,12,10.7,10.4,4.9,16,76
"961","2012-04-23 15:00",12.9276462658832,18.6,12.9,10,-3.03333333333333,15,87
"962","2012-04-16 16:00",15.9645713470807,17.7,16.3,12.4,-9.9,16,38
"963","2012-05-08 11:00",12.2920139950395,20.6,14.3,14.8,-3,11,85
"964","2013-05-03 16:00",9.35924962593881,12.7,9.8,11.6,-26.46667,16,35
"965","2012-06-21 08:00",24.539405370975,20.6,32,47.8,-4.13333333333333,8,85
"966","2013-03-21 13:00",20.2141002975147,22.6,21,21.5,6.03333333333334,13,67
"967","2013-05-08 11:00",8.81932176838081,11.2,12.7,19.6,-5.13333333333333,11,71
"968","2013-04-18 09:00",5.0534631760423,6.4,6.5,7.4,1.13333333333333,9,52
"969","2012-06-04 09:00",7.83799278581109,1.9,2.9,1.9,0.166666666666667,9,85
"970","2013-05-22 12:00",26.9636330723137,25.6,27.5,31.3,8.7,12,70
"971","2013-05-08 16:00",11.3150408319969,13.5,8.7,8.5,-5.13333333333333,16,60
"972","2010-09-21 06:00",22.663431661471,28.2,23,27.3,-0.133333333333333,6,95
"973","2012-06-08 14:00",8.83453943416546,6.7,5.7,7.2,1.43333333333333,14,72
"974","2010-11-10 13:00",25.5197225169587,23.4,25.8,29.2,16.2333333333333,13,51
"975","2013-03-18 15:00",33.6310566275179,35.6,22.8,14.8,56.1666633333333,15,75
"976","2013-02-21 12:00",15.0352086461619,15,17.6,16.2,2.2,12,56
"977","2012-06-22 15:00",9.01058306364889,7.2,5.3,7.2,1.43333333333333,15,75
"978","2010-09-03 11:00",14.0292939999564,12,18.2,19.1,-2.23333333333333,11,56
"979","2012-11-08 15:00",28.8572567208794,37.8,27.7,26.3,14.0333333333333,15,62
"980","2012-04-12 08:00",45.0165225412746,44,46.4,43,9.56666666666667,8,89
"981","2012-09-28 07:00",29.2301854337249,25.3,28.2,19.1,-0.966666666666666,7,87
"982","2012-05-28 07:00",43.7676586403973,41.6,51.6,46.9,-5.1,7,59
"983","2012-06-20 11:00",6.30816630538435,10,11,14.8,5.4,11,33
"984","2013-02-22 11:00",12.8520061740724,11.3,13.9,17.1,7.43333333333333,11,63
"985","2013-04-09 07:00",51.768683466546,53.5,55.7,46.8,2.83333333333333,7,87
"986","2012-11-07 13:00",31.0510271477022,31.6,27.7,30.6,22.8,13,71
"987","2013-02-12 16:00",30.6900899059128,37.4,27.3,19,8.03333333333333,16,74
"988","2013-05-31 10:00",18.6580199710516,14.3,19.6,23.8,4.76666666666667,10,75
"989","2012-11-07 09:00",44.5375731535218,38.3,41.1,37.3,22.8,9,87
"990","2013-02-21 06:00",13.3781278003263,18.9,15,9.6,2.2,6,62
"991","2010-09-28 12:00",20.3048170240465,20.6,20.6,27.7,9.86666666666667,12,73
"992","2010-10-13 09:00",15.7927236803046,15.3,15.8,10,2.86666666666667,9,69
"993","2012-11-12 12:00",26.4626791116647,23.4,23,22.5,16.1,12,79
"994","2013-03-21 10:00",19.7887976419819,20.8,26,47,6.03333333333334,10,70
"995","2012-04-25 16:00",10.1098746545301,8.1,9.1,12,-0.766666666666667,16,83
"996","2013-04-09 13:00",22.6057851293464,31.9,25,30.3,2.83333333333333,13,71
"997","2013-05-29 07:00",31.7151415111658,23.9,29.1,26.6,8.93333333333333,7,87
"998","2012-04-05 14:00",12.2258589969014,13.9,11,9.1,1.26666666666667,14,68
"999","2012-05-24 15:00",13.0653126536707,19.1,11.5,15.8,10.3333333333333,15,66
"1000","2013-05-27 10:00",2.38932522019696,3.7,2.4,3.3,-2.4,10,44
"1001","2013-02-12 06:00",20.874251444998,28,18.5,13,8.03333333333333,6,78
"1002","2012-04-27 10:00",9.61991741660274,18.6,7.7,6.2,0.466666666666667,10,85
"1003","2012-09-26 13:00",12.0137530092464,11,11.5,9.1,1.73333333333333,13,88
"1004","2012-11-13 07:00",31.0986086666832,32,26.3,8.6,10.6666666666667,7,89
"1005","2012-06-08 07:00",10.0644886970239,5.3,4.8,2.9,1.43333333333333,7,85
"1006","2013-05-14 07:00",14.5228774212328,16.3,16.9,14,-1.8,7,65
"1007","2012-05-31 10:00",22.8481869609799,21,23.9,25.3,5.86666666666667,10,67
"1008","2013-04-10 16:00",18.955603642598,20,16.1,17.7,17.6666666666667,16,63
"1009","2012-09-05 16:00",13.6662497461764,8.1,10.5,5.7,1.43333333333333,16,44
"1010","2012-09-07 11:00",28.586005547605,29.2,35.4,38.3,2.06666666666667,11,36
"1011","2012-04-13 14:00",14.7742718229419,17.2,16.3,18.2,8.63333333333333,14,54
"1012","2013-05-24 11:00",19.8837935867232,23.9,19.9,23.8,4.06666666666667,11,86
"1013","2010-10-07 11:00",24.25771840085,32,31.1,64.1,28.53333,11,66
"1014","2013-05-14 14:00",8.46274608728158,6.9,6.1,8.6,-1.8,14,80
"1015","2013-04-17 12:00",7.83907575525524,5.1,7.3,7.9,0.0333333333333332,12,65
"1016","2012-05-30 14:00",15.2811645075198,16.3,13.4,11.5,10.6666666666667,14,66
"1017","2013-05-10 06:00",10.6121435968678,12.3,7.8,0.8,2.06666666666667,6,75
"1018","2013-03-11 07:00",10.874119943381,17,7.9,4.5,4.26666666666667,7,74
"1019","2013-05-09 12:00",6.670360389676,2.3,4.7,3.2,-0.966666666666667,12,55
"1020","2010-11-10 07:00",23.6693776207809,35.9,16.7,5.3,16.2333333333333,7,83
"1021","2012-04-13 08:00",40.9432961539705,36.8,42.1,43,8.63333333333333,8,100
"1022","2013-03-28 08:00",40.1035673294848,34.9,42.7,41.9,9.03333333333333,8,67
"1023","2013-05-21 13:00",17.4934009150817,10.1,17.3,14.3,3.2,13,73
"1024","2013-03-15 11:00",10.8851869358767,9.7,11.8,15.7,4.9,11,72
"1025","2013-05-09 06:00",10.7400715301139,12.5,11.5,6.6,-0.966666666666667,6,73
"1026","2010-11-12 10:00",16.0077699172382,9.6,17.2,20.6,7.03333333333333,10,64
"1027","2012-04-25 09:00",13.4626191811643,11,12,12,-0.766666666666667,9,95
"1028","2012-09-27 06:00",18.760648896531,26.8,13.9,8.1,3.96666666666667,6,95
"1029","2012-09-17 07:00",34.243403486311,25.3,31.1,16.3,4.13333333333333,7,83
"1030","2012-09-07 10:00",31.826382551782,35.4,38.3,42.1,2.06666666666667,10,44
"1031","2010-10-12 16:00",12.8923832157863,17.2,8.6,5.3,4.3,16,65
"1032","2012-04-20 14:00",11.643728581576,10,10.5,9.6,0.799999999999999,14,68
"1033","2012-04-09 16:00",10.0427403231611,6.2,6.2,7.7,1.43333333333333,16,91
"1034","2010-09-30 15:00",17.3075683949466,17.2,15.8,16.7,14.0333333333333,15,62
"1035","2013-03-25 06:00",6.41836561353297,10.8,4.6,3,4.66666666666667,6,65
"1036","2012-04-20 15:00",11.7239602979085,15.3,10,10.5,0.799999999999999,15,67
"1037","2010-10-01 16:00",9.88419806233871,10.5,8.6,7.7,-1.76666666666667,16,93
"1038","2012-04-23 10:00",9.43542245436225,9.1,10.5,7.2,-3.03333333333333,10,84
"1039","2012-06-26 13:00",9.28936144981243,12.4,7.7,5.7,-0.966666666666666,13,57
"1040","2013-03-19 13:00",29.8811553431772,28.4,28.8,29.8,15.7333333333333,13,61
"1041","2012-06-01 11:00",15.2754927342083,25.3,19.6,30.6,4,11,58
"1042","2012-05-17 13:00",7.47805402031594,8.6,6.7,7.7,-5.56666666666667,13,50
"1043","2012-09-11 11:00",9.59965564951522,10,12,12.9,2.56666666666667,11,48
"1044","2013-02-21 14:00",12.8489195500798,11.3,13.7,15,2.2,14,53
"1045","2012-06-26 15:00",11.5331808183369,9.1,10.5,12.4,-0.966666666666666,15,69
"1046","2010-09-27 11:00",24.8134289958084,30.1,24.9,22,2.86666666666667,11,77
"1047","2013-05-02 06:00",23.0548501027824,33.6,28.3,14,-5.53333333333333,6,47
"1048","2013-04-22 09:00",9.09626642564731,11.2,14.2,22.9,-6.53333333333333,9,61
"1049","2013-04-04 11:00",13.0663609868898,14.7,13.2,11.8,1.2,11,82
"1050","2012-09-06 10:00",17.6232331099568,12.4,26.8,40.2,-5.43333333333333,10,45
"1051","2013-03-20 15:00",25.0209224513664,17.7,26.8,24.8,-2.36666666666667,15,79
"1052","2012-05-31 09:00",24.6158006880459,23.9,25.3,26.3,5.86666666666667,9,70
"1053","2012-06-07 06:00",16.7804617420633,15.3,14.3,5.7,-2.06666666666667,6,96
"1054","2012-09-04 08:00",31.0100763106315,33,30.6,34.9,13.4,8,67
"1055","2012-04-20 09:00",26.701063275377,21.5,29.6,33.5,0.799999999999999,9,70
"1056","2010-11-09 06:00",19.2069598580929,24.4,12.9,17.7,11.7666666666667,6,84
"1057","2012-09-28 08:00",23.507355482022,14.3,25.3,28.2,-0.966666666666666,8,82
"1058","2013-03-15 15:00",11.8871753131914,10.7,10.4,11.2,4.9,15,75
"1059","2013-04-11 12:00",28.4860270796943,32.8,28.3,21.4,0.166666666666667,12,100
"1060","2013-05-06 15:00",8.31512870331953,4.9,5.1,7,1.23333333333333,15,46
"1061","2012-09-13 15:00",16.0416013559581,10.5,15.3,7.7,11,15,49
"1062","2012-11-02 07:00",22.6694926866395,39.2,16.3,5.7,15.1333333333333,7,81
"1063","2013-04-19 10:00",7.96071453732903,11.3,11.5,19.1,1,10,55
"1064","2012-09-27 15:00",16.7369384986954,15.8,17.7,17.7,3.96666666666667,15,60
"1065","2010-09-27 10:00",21.9972912603801,24.9,22,23,2.86666666666667,10,84
"1066","2013-03-22 14:00",30.7752817235774,35.2,32.2,31.6,4.66666666666667,14,75
"1067","2012-09-13 10:00",22.874276537916,33.5,26.8,39.7,11,10,48
"1068","2013-04-29 14:00",10.2847626853829,12.6,10.7,8,2,14,36
"1069","2013-05-03 07:00",45.7915977566084,53.5,64.4,61.4,-26.46667,7,47
"1070","2013-03-26 16:00",15.4535628610069,20.4,18,26.3,2.83333333333333,16,62
"1071","2012-09-25 06:00",15.0599089042069,22,11,3.8,2.9,6,84
"1072","2012-09-26 08:00",24.6859314634182,17.7,24.4,26.3,1.73333333333333,8,92
"1073","2013-04-17 14:00",7.89818165621526,5.5,4.9,5.1,0.0333333333333332,14,54
"1074","2012-05-25 08:00",31.9103262175266,33.9,33.9,32.5,3.96666666666667,8,61
"1075","2012-04-26 06:00",11.254168619559,10,3.8,0.5,2.56666666666667,6,90
"1076","2012-09-19 11:00",13.1453109764684,11.5,18.6,27.7,6.4,11,43
"1077","2013-02-20 14:00",15.187906184709,12.9,17.9,18.6,-2.3,14,64
"1078","2013-03-04 07:00",54.0760176656821,49.8,53.5,39.9,11.4,7,89
"1079","2013-05-13 11:00",7.72657072697261,6.6,8.6,7.8,-1.43333333333333,11,45
"1080","2013-04-04 15:00",19.4265975918317,22,19.8,14.5,1.2,15,93
"1081","2012-09-17 09:00",19.5129421154,12.9,22,25.3,4.13333333333333,9,61
"1082","2012-09-10 12:00",8.95437512272201,3.3,8.1,7.2,6.83333333333333,12,64
"1083","2010-11-10 14:00",23.2219906467506,23,23.4,25.8,16.2333333333333,14,50
"1084","2010-11-26 16:00",69.481626894264,81.8,78.4,82.2,41.3,16,70
"1085","2012-11-08 08:00",48.764345310125,38.3,43.5,20.6,14.0333333333333,8,84
"1086","2013-03-06 07:00",57.4557300969346,63.8,60.8,56.9,19.1333333333333,7,84
"1087","2013-05-01 11:00",7.31434767916128,4.7,11.4,20.5,2.6,11,42
"1088","2013-03-06 11:00",48.5533536085515,48.1,54.2,57.9,19.1333333333333,11,72
"1089","2013-05-27 08:00",3.15507872355998,3.3,6.3,9.6,-2.4,8,43
"1090","2012-04-09 10:00",11.9729901850506,7.7,9.1,7.7,1.43333333333333,10,93
"1091","2013-02-06 11:00",21.0180770777102,21.3,21.2,22.1,4.66666666666667,11,77
"1092","2013-02-07 13:00",19.1171435438095,16.6,19.4,23.5,17.3333333333333,13,51
"1093","2012-09-07 07:00",43.442923675774,38.7,48.8,46.4,2.06666666666667,7,69
"1094","2013-05-13 13:00",11.3097409607311,8.3,11.2,6.6,-1.43333333333333,13,46
"1095","2012-05-07 09:00",5.75723896691778,9.1,9.6,16.7,-9.23333333333333,9,72
"1096","2012-09-10 07:00",14.256443398962,9.1,9.1,5.7,6.83333333333333,7,80
"1097","2012-06-08 16:00",13.1251088441137,12.9,10.5,6.7,1.43333333333333,16,78
"1098","2013-02-21 13:00",12.8432150451407,13.7,15,17.6,2.2,13,55
"1099","2013-05-30 13:00",14.3298727041462,15.2,14.8,11.6,-1.7,13,82
"1100","2013-05-10 12:00",11.1611478854518,10.3,11.9,11.4,2.06666666666667,12,58
"1101","2012-05-23 08:00",26.87302825487,32,27.7,28.2,2.4,8,78
"1102","2013-04-04 10:00",9.44422793184419,13.2,11.8,16.5,1.2,10,70
"1103","2010-10-07 13:00",33.3985632538438,30.1,29.2,32,28.53333,13,68
"1104","2012-05-04 16:00",18.1988728906988,12.9,18.6,22.5,3.5,16,84
"1105","2012-11-14 09:00",35.5931780005644,25.8,31.1,24.4,12.1,9,90
"1106","2013-03-28 06:00",23.4263356258423,41.9,19.8,13.5,9.03333333333333,6,86
"1107","2012-11-14 15:00",38.7172541010246,42.6,37.3,28.7,12.1,15,77
"1108","2013-03-08 12:00",38.1755585449148,40.4,42.5,45.9,4.2,12,100
"1109","2013-04-19 06:00",21.7238247614657,31,19.8,4.8,1,6,76
"1110","2013-02-06 15:00",14.940479717047,16.4,14.2,13.5,4.66666666666667,15,67
"1111","2010-09-21 15:00",11.5144617713555,12.4,10.5,12,-0.133333333333333,15,54
"1112","2013-05-29 10:00",35.9446608030199,28.3,37.8,39,8.93333333333333,10,74
"1113","2013-05-08 10:00",17.3049692512751,12.7,19.6,21.2,-5.13333333333333,10,88
"1114","2013-04-24 14:00",15.635395868491,21.6,19.2,20.2,-3.8,14,50
"1115","2010-10-28 14:00",11.622426387647,15.3,11.5,14.3,3.36666666666667,14,72
"1116","2012-11-09 12:00",22.3634555361649,13.9,20.1,25.3,15.7666666666667,12,80
"1117","2010-11-26 07:00",58.5314992230248,62.2,51.6,39.7,41.3,7,83
"1118","2013-03-15 14:00",12.8540377861637,10.4,11.2,8.3,4.9,14,80
"1119","2013-03-26 14:00",11.2370344707456,26.3,10.5,11.5,2.83333333333333,14,61
"1120","2012-09-03 15:00",30.0692751144278,33.9,36.8,39.7,3.96666666666667,15,38
"1121","2010-10-05 12:00",14.1155136269988,11.5,13.9,15.8,4.63333333333333,12,82
"1122","2013-05-24 13:00",27.990167461538,24.8,26.8,23.9,4.06666666666667,13,92
"1123","2012-06-25 16:00",14.5940050371102,21.5,12.9,12.9,7.83333333333333,16,52
"1124","2012-06-21 11:00",11.6916302883634,12.9,15.3,22,-4.13333333333333,11,85
"1125","2010-09-30 07:00",33.6134047435126,30.6,29.2,26.8,14.0333333333333,7,97
"1126","2012-09-04 13:00",39.7586333126875,34.9,41.1,33.9,13.4,13,47
"1127","2012-11-21 10:00",21.8745410979926,13.4,21,22.5,5.26666666666667,10,89
"1128","2012-04-16 09:00",10.5802620011356,8.1,21,41.1,-9.9,9,46
"1129","2010-09-29 06:00",23.7259304032431,28.7,21,11.5,1.73333333333333,6,94
"1130","2012-04-16 06:00",49.0740286660704,47.3,50.2,28.2,-9.9,6,77
"1131","2012-11-05 10:00",35.575778514285,29.6,36.8,41.6,15.9333333333333,10,71
"1132","2012-06-14 12:00",5.44329635526725,7.7,5.7,7.7,-12.2666666666667,12,57
"1133","2013-05-16 13:00",6.40159213086738,6.8,4.3,4.2,0.566666666666668,13,48
"1134","2013-05-13 15:00",8.03024058032413,7.6,6,8.3,-1.43333333333333,15,40
"1135","2012-09-13 13:00",8.9869534195923,7.7,13.4,19.6,11,13,39
"1136","2013-05-13 12:00",6.38610184698387,11.2,6.6,8.6,-1.43333333333333,12,45
"1137","2010-11-12 09:00",20.8750684056431,17.2,20.6,17.7,7.03333333333333,9,67
"1138","2010-10-13 12:00",10.273459881516,10.5,10.5,9.6,2.86666666666667,12,63
"1139","2013-03-21 11:00",19.2359692888356,21.5,20.8,26,6.03333333333334,11,68
"1140","2013-04-17 16:00",10.8983914963659,7.4,6.9,5.5,0.0333333333333332,16,51
"1141","2012-05-08 15:00",7.43950591055807,8.6,9.1,23,-3,15,65
"1142","2013-02-21 07:00",17.4471136561577,25.1,18.9,15,2.2,7,62
"1143","2012-09-13 07:00",44.3896366953938,44,41.1,27.7,11,7,71
"1144","2012-06-22 13:00",8.44443099771775,7.2,4.3,4.8,1.43333333333333,13,72
"1145","2010-10-05 15:00",17.4175739624401,18.2,16.7,16.3,4.63333333333333,15,81
"1146","2013-04-29 09:00",8.64824639236802,13.8,14.9,18,2,9,41
"1147","2013-03-11 09:00",14.6379946173742,12.3,15.1,17,4.26666666666667,9,75
"1148","2012-04-19 08:00",38.4596266195416,36.3,36.8,33.9,9.23333333333333,8,94
"1149","2012-06-05 15:00",8.99085270214951,5.7,4.8,1.9,-3.36666666666667,15,87
"1150","2012-06-26 07:00",27.8665021874363,25.8,30.6,26.8,-0.966666666666666,7,62
"1151","2012-09-25 08:00",18.8243534749914,13.9,20.6,22,2.9,8,67
"1152","2012-04-16 12:00",4.16661768584013,6.2,3.8,3.3,-9.9,12,40
"1153","2013-03-26 13:00",10.9589375887821,10.5,11.5,12.9,2.83333333333333,13,60
"1154","2013-04-09 11:00",31.6153313401652,30.3,34.5,37.3,2.83333333333333,11,79
"1155","2013-05-10 16:00",11.7699464001798,15.5,8.7,8.6,2.06666666666667,16,51
"1156","2013-05-27 07:00",5.96854947501244,6.3,9.6,10.1,-2.4,7,54
"1157","2012-11-08 07:00",26.3773290953905,43.5,20.6,8.1,14.0333333333333,7,84
"1158","2012-05-08 13:00",18.3930727535221,23,21,20.6,-3,13,78
"1159","2012-04-05 15:00",14.8519054961829,9.1,13.9,11,1.26666666666667,15,65
"1160","2010-10-05 08:00",18.0344692937298,17.7,15.3,12.4,4.63333333333333,8,91
"1161","2013-02-07 10:00",36.2245696755311,28.2,40,47.8,17.3333333333333,10,57
"1162","2012-06-15 09:00",5.46702424250789,6.2,5.7,8.1,-2.23333333333333,9,63
"1163","2012-09-11 15:00",15.5050727962166,15.8,15.3,9.1,2.56666666666667,15,41
"1164","2012-09-28 14:00",8.59395162556347,16.7,4.3,4.3,-0.966666666666666,14,81
"1165","2012-11-16 16:00",36.379438618029,44.9,38.7,33,2.73333333333333,16,95
"1166","2010-09-21 11:00",13.9504204403144,11.5,19.6,30.6,-0.133333333333333,11,57
"1167","2012-04-23 07:00",18.4028405790755,11.5,20.1,16.7,-3.03333333333333,7,75
"1168","2010-10-12 14:00",10.027542567903,5.3,6.7,4.3,4.3,14,60
"1169","2012-06-05 14:00",7.55096974519149,4.8,1.9,1.9,-3.36666666666667,14,79
"1170","2013-03-26 08:00",14.6888276090331,16,15.8,13.5,2.83333333333333,8,65
"1171","2010-11-12 12:00",7.63629155367149,6.7,5.3,9.6,7.03333333333333,12,64
"1172","2010-11-12 07:00",12.2056509839157,17.7,10.5,4.8,7.03333333333333,7,69
"1173","2013-05-24 16:00",21.7391677336183,16.5,21.4,22.4,4.06666666666667,16,85
"1174","2013-03-05 08:00",45.9249439707777,64.8,56.3,57.4,-7.93333333333334,8,92
"1175","2012-05-31 12:00",16.0212216798183,17.2,17.7,21,5.86666666666667,12,63
"1176","2012-04-06 15:00",10.5254430629548,7.2,7.2,7.7,7.8,15,54
"1177","2012-11-02 14:00",15.8476564314719,14.8,13.4,10.5,15.1333333333333,14,61
"1178","2013-03-08 10:00",43.133510122588,45.9,47.1,47,4.2,10,100
"1179","2013-05-08 13:00",9.04067931377513,11,9.4,11.2,-5.13333333333333,13,64
"1180","2012-06-07 08:00",10.2766977491457,8.6,9.6,15.3,-2.06666666666667,8,85
"1181","2012-11-09 14:00",11.9884194853912,12,8.1,13.9,15.7666666666667,14,69
"1182","2010-10-04 14:00",39.7781352122186,43,41.1,39.2,12.5666666666667,14,82
"1183","2013-02-12 07:00",30.6131954329672,35.5,28,18.5,8.03333333333333,7,76
"1184","2012-05-07 08:00",8.350534023274,9.6,16.7,37.3,-9.23333333333333,8,72
"1185","2012-11-13 11:00",22.9981392663544,16.7,23.9,31.6,10.6666666666667,11,67
