"","predict","PM2.5","Time","TimeKey1","TimeKey2","TimeKey3","TimeKey4","TimeKey5"
"1",2.89487840694395,5.9,"2014-02-10 11:00:00",2014-02-10 12:00:00,2014-02-10 13:00:00,2014-02-10 14:00:00,2014-02-10 15:00:00,2014-02-10 16:00:00
"2",8.39784231401119,8.9,"2014-02-11 11:00:00",2014-02-11 12:00:00,2014-02-11 13:00:00,2014-02-11 14:00:00,2014-02-11 15:00:00,2014-02-11 16:00:00
"3",7.93338196808577,6.3,"2014-02-17 11:00:00",2014-02-17 12:00:00,2014-02-17 13:00:00,2014-02-17 14:00:00,2014-02-17 15:00:00,2014-02-17 16:00:00
"4",9.77848301999904,12.2,"2014-02-18 11:00:00",2014-02-18 12:00:00,2014-02-18 13:00:00,2014-02-18 14:00:00,2014-02-18 15:00:00,2014-02-18 16:00:00
"5",4.97652114892888,9.7,"2014-02-19 11:00:00",2014-02-19 12:00:00,2014-02-19 13:00:00,2014-02-19 14:00:00,2014-02-19 15:00:00,2014-02-19 16:00:00
"6",10.6007774098526,2.7,"2014-02-20 11:00:00",2014-02-20 12:00:00,2014-02-20 13:00:00,2014-02-20 14:00:00,2014-02-20 15:00:00,2014-02-20 16:00:00
"7",5.94927825693682,7.1,"2014-02-21 11:00:00",2014-02-21 12:00:00,2014-02-21 13:00:00,2014-02-21 14:00:00,2014-02-21 15:00:00,2014-02-21 16:00:00
"8",7.43171043612759,2.9,"2014-02-25 11:00:00",2014-02-25 12:00:00,2014-02-25 13:00:00,2014-02-25 14:00:00,2014-02-25 15:00:00,2014-02-25 16:00:00
"9",3.22735158636796,9.1,"2014-02-26 11:00:00",2014-02-26 12:00:00,2014-02-26 13:00:00,2014-02-26 14:00:00,2014-02-26 15:00:00,2014-02-26 16:00:00
"10",7.04331332167357,4.5,"2014-02-28 11:00:00",2014-02-28 12:00:00,2014-02-28 13:00:00,2014-02-28 14:00:00,2014-02-28 15:00:00,2014-02-28 16:00:00
"11",16.5690558348694,16.2,"2014-03-06 11:00:00",2014-03-06 12:00:00,2014-03-06 13:00:00,2014-03-06 14:00:00,2014-03-06 15:00:00,2014-03-06 16:00:00
"12",10.5434036767524,14.9,"2014-03-07 11:00:00",2014-03-07 12:00:00,2014-03-07 13:00:00,2014-03-07 14:00:00,2014-03-07 15:00:00,2014-03-07 16:00:00
"13",18.5461954633036,28.9,"2014-03-10 11:00:00",2014-03-10 12:00:00,2014-03-10 13:00:00,2014-03-10 14:00:00,2014-03-10 15:00:00,2014-03-10 16:00:00
"14",16.3914465956928,24.2,"2014-03-11 11:00:00",2014-03-11 12:00:00,2014-03-11 13:00:00,2014-03-11 14:00:00,2014-03-11 15:00:00,2014-03-11 16:00:00
"15",22.5351285715959,40.7,"2014-03-12 11:00:00",2014-03-12 12:00:00,2014-03-12 13:00:00,2014-03-12 14:00:00,2014-03-12 15:00:00,2014-03-12 16:00:00
"16",36.2658024555067,45.4,"2014-03-14 11:00:00",2014-03-14 12:00:00,2014-03-14 13:00:00,2014-03-14 14:00:00,2014-03-14 15:00:00,2014-03-14 16:00:00
"17",9.76689228203869,8.1,"2014-03-17 11:00:00",2014-03-17 12:00:00,2014-03-17 13:00:00,2014-03-17 14:00:00,2014-03-17 15:00:00,2014-03-17 16:00:00
"18",8.64416421111117,12.7,"2014-03-18 11:00:00",2014-03-18 12:00:00,2014-03-18 13:00:00,2014-03-18 14:00:00,2014-03-18 15:00:00,2014-03-18 16:00:00
"19",6.27194481940303,5.5,"2014-03-24 11:00:00",2014-03-24 12:00:00,2014-03-24 13:00:00,2014-03-24 14:00:00,2014-03-24 15:00:00,2014-03-24 16:00:00
"20",9.3857795326369,7.2,"2014-03-25 11:00:00",2014-03-25 12:00:00,2014-03-25 13:00:00,2014-03-25 14:00:00,2014-03-25 15:00:00,2014-03-25 16:00:00
"21",7.18284445607735,7.7,"2014-03-26 11:00:00",2014-03-26 12:00:00,2014-03-26 13:00:00,2014-03-26 14:00:00,2014-03-26 15:00:00,2014-03-26 16:00:00
"22",34.2075836966729,47.5,"2014-03-28 11:00:00",2014-03-28 12:00:00,2014-03-28 13:00:00,2014-03-28 14:00:00,2014-03-28 15:00:00,2014-03-28 16:00:00
