"","predictions.test","NO2","Year","Month","Day","TimeHoursNum","NO","NOX","O3","PM10","PM2.5","SO2","BP","RAIN","RHUM","SOLR","TEMP","WDIR","WSPD"
"1",24.9213081252725,24.9,"2010","9","Monday","6",5.6,33.5,4,11.4,8,3.9,1004,0,93,10,9,237,1.6
"4",21.9683962651148,22,"2010","9","Monday","9",7.2,33,13.5,15.4,11,2.9,1004,0,90,113,11,270,2.2
"10",50.2299111415839,50.2,"2010","9","Monday","15",18.7,78.9,6.5,25,13,3.4,1003,0,70,32,12,260,1.7
"11",52.5842836278891,52.6,"2010","9","Monday","16",32.1,101.8,2,24.7,14,3.8,1003,0,73,18,12,265,1.9
"12",33.4941368292379,33.5,"2010","9","Tuesday","6",10.9,50.2,1,32.8,22,2.8,1003,0,93,9,11,159,0.3
"13",33.0283908401843,33,"2010","9","Tuesday","7",15.9,57.4,1,32.7,24,3.3,1003,0,93,21,11,142,0.5
"18",20.5664964310841,20.6,"2010","9","Tuesday","12",8.7,33.9,40.4,32.8,25,3.2,1004,0,73,182,14,175,0.3
"22",50.1427709651341,50.2,"2010","9","Tuesday","16",12.5,69.3,7.5,37.1,28,2.7,1004,0,77,44,15,253,0.1
"23",28.6917303194327,28.7,"2010","9","Wednesday","6",8.1,41.1,12,19.8,16,2.2,1007,1,94,2,13,43,0
"27",7.17561536479498,7.2,"2010","9","Wednesday","10",2.5,11,51.9,10.9,7,2.6,1008,5,82,188,15,299,0.3
"31",9.61379879039897,9.6,"2010","9","Wednesday","14",2.8,13.9,55.9,16.9,11,1.7,1009,0,68,82,17,192,0.2
"32",12.432098704922,12.4,"2010","9","Wednesday","15",2.2,15.8,56.4,18,9,1.7,1009,0,70,40,16,182,0.3
"34",29.2400939716997,29.2,"2010","9","Thursday","6",11.2,46.4,1,15.5,13,3.5,1008,0,97,1,14,151,0.6
"43",17.237005793096,17.2,"2010","9","Thursday","15",5,24.9,40.4,23.4,13,3,1006,0,62,51,16,198,0.9
"47",7.58818022540664,7.7,"2010","10","Friday","8",1.9,10.5,57.4,17.9,9,2.9,1007,0,78,123,9,231,1.3
"55",10.4980255342621,10.5,"2010","10","Friday","16",1.9,13.4,40.4,11,7,1.4,1004,7,93,65,15,202,1.2
"56",19.6609272653664,19.6,"2010","11","Monday","6",1.2,21.5,49.9,12.6,9,3,1000,0,78,-3,4,212,0.9
"57",19.0865021291441,19.1,"2010","11","Monday","7",1.9,22,49.9,11.5,8,2.1,1000,0,73,3,4,204,0.8
"59",10.4485081230912,10.5,"2010","11","Monday","9",1.6,12.9,58.4,4.8,2,3.1,1000,7,86,72,4,294,1.6
"64",12.9994776540333,12.9,"2010","11","Monday","14",6.2,22.5,43.9,5.5,5,2.6,997,0,86,285,8,154,1.6
"65",18.6724307909578,18.6,"2010","11","Monday","15",2.5,22.5,37.4,5.5,3,1.2,997,0,87,34,8,187,1
"66",21.5519295158179,21.5,"2010","11","Monday","16",3.1,26.3,32.4,4.6,2,1.2,997,0,88,2,7,72,0.8
"75",20.1173545788006,20.1,"2010","11","Tuesday","14",5.6,28.7,19,13.3,10,2.4,959,1,89,11,5,136,4.1
"79",35.8916830919126,35.9,"2010","11","Wednesday","7",3.4,41.1,18,7.7,3,3.6,964,0,83,3,8,105,2.5
"80",40.6622947719233,40.6,"2010","11","Wednesday","8",8.7,54,18,14.8,6,3.6,965,0,77,24,8,86,2.2
"81",39.727735573818,39.7,"2010","11","Wednesday","9",11.2,56.9,20,15.5,8,2.7,966,0,68,45,8,100,1.9
"83",29.1196746469275,29.2,"2010","11","Wednesday","11",6.9,39.7,32.9,10.6,6,4.2,968,1,58,45,8,62,3
"91",5.78829208626866,5.7,"2010","11","Thursday","8",3.4,11,58.4,7.9,6,0.1,988,1,87,43,3,277,1.2
"93",0.390456222678089,0.5,"2010","11","Thursday","10",1.9,3.3,59.4,2.8,3,1.1,990,0,88,116,5,293,1.1
"103",17.2416485565978,17.2,"2010","11","Friday","9",3.1,22,53.4,25.7,5,0.9,980,0,67,26,10,172,3
"104",9.51355793487149,9.6,"2010","11","Friday","10",4.1,15.8,57.4,19.1,10,0.4,979,0,64,38,11,191,3
"106",6.78940815418239,6.7,"2010","11","Friday","12",3.4,12,54.9,15.4,9,0.4,975,0,64,73,13,199,4
"111",8.66210542708467,8.6,"2012","4","Monday","6",1.2,10.5,57.4,9.9,10,-0.2,999,2,93,7,8,215,2.5
"114",9.04810931491866,9.1,"2012","4","Monday","9",1.6,11.5,67.4,11.9,9,-0.9,997,2,93,22,9,210,2.9
"119",7.55081840691654,7.7,"2012","4","Monday","14",1.6,10,75.8,6.5,9,0.6,992,1,91,40,10,208,2.8
"132",10.580374338467,10.5,"2012","4","Tuesday","16",3.4,15.8,76.8,19.3,12,3.5,989,0,56,31,11,211,2.6
"135",27.3270356212186,27.3,"2012","4","Wednesday","8",11.2,44.5,44.4,8.7,11,1.4,995,0,71,124,9,241,1.4
"137",11.5251227782574,11.5,"2012","4","Wednesday","10",3.7,17.2,71.8,10.3,12,1.4,995,0,59,78,11,251,1.3
"142",23.3155519838468,23.4,"2012","4","Wednesday","15",4.1,29.6,56.4,3.7,11,0.8,996,0,58,38,12,74,1.5
"145",46.3485418363608,46.4,"2012","4","Thursday","7",33.1,97.1,3.5,25.3,23,1.5,1001,0,93,36,6,241,0.8
"148",24.3164406581099,24.4,"2012","4","Thursday","10",6.9,34.9,55.9,15.8,10,2.2,1001,0,63,98,11,257,1.1
"153",19.2222295761599,19.1,"2012","4","Thursday","15",3.7,24.9,64.9,19.4,12,2.2,1001,0,59,61,12,280,0.6
"156",42.0540573414828,42.1,"2012","4","Friday","7",20.9,74.1,9,39.8,32,0.2,1005,0,100,20,5,336,0.9
"157",36.7963776844812,36.8,"2012","4","Friday","8",12.2,55.5,17,34.5,32,0.9,1005,0,100,40,5,339,0.6
"160",26.3082997129743,26.3,"2012","4","Friday","11",10.3,42.1,41.9,32.4,31,1.6,1004,0,79,121,9,11,0.7
"162",16.2318705767115,16.3,"2012","4","Friday","13",5,23.9,65.4,25.9,23,2.3,1003,0,61,70,12,83,0.8
"169",8.15452278351595,8.1,"2012","4","Monday","9",2.5,12,81.8,16.7,7,3.3,1026,0,46,317,8,352,1.4
"170",3.23661496773993,3.3,"2012","4","Monday","10",1.6,5.7,85.3,13.2,9,2.6,1025,0,41,147,9,346,1.2
"171",3.85104336903608,3.8,"2012","4","Monday","11",1.2,5.7,84.8,8.6,7,2.6,1025,0,41,133,9,23,1.2
"172",6.13666371603689,6.2,"2012","4","Monday","12",1.6,8.6,81.8,16.5,12,4.7,1024,0,40,122,9,313,1
"173",11.4271697453783,11.5,"2012","4","Monday","13",5,19.1,78.3,8.9,12,4.7,1024,0,37,131,10,279,0.6
"175",16.297326595534,16.3,"2012","4","Monday","15",2.8,20.6,71.8,18.3,13,3.3,1022,0,38,85,10,110,1.4
"176",17.7782893437096,17.7,"2012","4","Monday","16",3.4,23,71.8,19.8,16,2.6,1021,0,38,47,10,117,1.6
"177",8.58005270413886,8.6,"2012","4","Tuesday","6",1.9,11.5,84.8,18.9,10,-1.5,1002,0,74,11,7,207,1.1
"178",9.56376416143186,9.6,"2012","4","Tuesday","7",2.5,13.4,77.3,13.3,7,-1.5,1001,1,91,16,6,215,0.7
"181",15.7144281169832,15.8,"2012","4","Tuesday","10",4.1,22,66.4,12.1,9,-2.2,997,0,90,92,9,217,2.3
"184",13.9530447985212,13.9,"2012","4","Tuesday","13",5.9,23,77.3,10.5,15,2,996,0,50,79,13,247,2.9
"186",15.3380100348262,15.3,"2012","4","Tuesday","15",3.1,20.1,76.3,31,16,-0.1,995,0,55,77,12,241,3
"188",10.5029211964964,10.5,"2012","4","Wednesday","6",2.8,14.8,71.3,19.3,11,-1.4,982,0,86,33,7,139,1.1
"190",10.5467647607948,10.5,"2012","4","Wednesday","8",3.1,15.3,72.3,10.5,8,0,981,3,93,45,7,137,1.6
"195",11.1002335368625,11,"2012","4","Wednesday","13",9,24.9,60.4,10.7,9,-2.8,977,1,81,116,10,191,0.8
"196",8.16577442989754,8.1,"2012","4","Wednesday","14",2.5,12,63.9,11.9,8,-1.4,976,0,77,139,11,153,1.2
"198",7.66523555756316,7.7,"2012","4","Wednesday","16",2.5,11.5,67.4,14.1,10,-0.7,976,0,78,75,10,152,0.9
"200",36.7351416763123,36.8,"2012","4","Thursday","7",12.5,55.9,21,17.4,15,-0.2,981,0,92,14,7,240,1.9
"205",22.4687021627744,22.5,"2012","4","Thursday","12",10,37.8,41.4,14.5,12,-0.9,983,3,91,119,9,211,0.7
"208",28.1878608155554,28.2,"2012","4","Thursday","15",9.4,42.6,44.4,13.1,10,-1,985,0,87,63,9,225,1.5
"210",36.7264911966287,36.8,"2012","4","Friday","6",17.2,63.1,13.5,26.9,20,-1.1,991,0,95,83,6,237,0.5
"211",33.5188002153474,33.5,"2012","4","Friday","7",15.9,57.9,24.4,28.1,20,-1.1,992,0,86,212,8,247,1.6
"216",9.60663542364343,9.6,"2012","4","Friday","12",2.8,13.9,70.3,12.8,12,0.9,992,0,80,193,9,206,1.5
"221",20.0487104415863,20.1,"2012","4","Monday","6",4.4,26.8,51.9,21,11,-1.1,997,0,79,115,8,136,0.8
"224",10.5140787579565,10.5,"2012","4","Monday","9",8.4,23.4,75.8,20,10,0.3,994,0,69,271,10,136,2.3
"230",18.6149747136866,18.6,"2012","4","Monday","15",4.1,24.9,57.4,8.3,9,0.9,989,1,87,93,8,103,2.3
"236",16.7241883352143,16.7,"2012","4","Tuesday","10",2.2,20.1,58.4,23.3,17,3.5,997,0,80,97,8,313,1.9
"237",21.9648855938833,22,"2012","4","Tuesday","11",2.5,25.8,53.4,22.8,17,1.4,997,0,77,144,9,307,1.7
"243",10.0266018368077,10,"2012","4","Wednesday","6",2.2,13.4,81.3,11.1,9,-1.5,989,3,91,16,7,131,4.4
"247",8.60695541924012,8.6,"2012","4","Wednesday","10",2.8,12.9,66.9,13.6,8,1.2,984,5,94,31,9,137,2.7
"248",5.76625954127125,5.7,"2012","4","Wednesday","11",2.5,9.6,69.4,16.3,11,1.2,984,2,86,114,10,141,1.8
"251",11.9491796946256,12,"2012","4","Wednesday","14",3.1,16.7,65.4,16.7,14,1.1,983,4,88,65,11,173,0.9
"252",9.03599101082569,9.1,"2012","4","Wednesday","15",5,16.7,73.3,16.7,16,0.4,983,3,81,113,12,173,0.8
"255",11.0065367141975,11,"2012","4","Thursday","7",2.8,15.3,75.3,18.7,13,1,990,1,86,27,10,206,2.2
"256",9.56394707021357,9.6,"2012","4","Thursday","8",2.5,13.4,82.3,20.2,10,1.6,991,1,81,95,11,208,2.4
"269",18.5908879565076,18.6,"2012","4","Friday","10",1.9,21.5,76.8,12.6,14,3.4,1009,0,85,79,11,240,2
"270",14.8473648083217,14.8,"2012","4","Friday","11",3.1,19.6,80.8,13.7,10,3.4,1010,1,78,260,12,220,1.9
"272",12.3523086895599,12.4,"2012","4","Friday","13",4.4,19.1,88.3,18.3,14,4.1,1010,1,63,154,14,219,2.8
"276",28.2892978036989,28.2,"2012","4","Monday","6",6.2,37.8,53.9,21.7,10,2.8,1011,0,80,180,9,111,2.2
"279",7.16923703028871,7.2,"2012","4","Monday","9",5.3,15.3,89.3,17.2,12,6.1,1013,0,56,553,13,125,3
"281",7.16812135341063,7.2,"2012","4","Monday","11",5.3,15.3,94.5,14.3,9,5.4,1013,0,48,459,14,119,3.1
"282",17.2851577412272,17.2,"2012","4","Monday","12",3.4,22.5,50.9,14.5,10,5.4,1013,0,57,624,15,95,2.8
"283",21.484175633193,21.5,"2012","4","Monday","13",9.4,35.9,56.9,22.3,15,8.1,1013,0,60,161,14,84,2.7
"284",18.2253376294348,18.2,"2012","4","Monday","14",3.7,23.9,67.9,22.2,18,10.9,1013,0,58,50,14,86,3.2
"289",45.8329986155906,45.9,"2012","5","Tuesday","8",5,53.5,21,46.2,27,5.4,1014,6,100,35,10,87,1.1
"290",54.4260323710617,54.5,"2012","5","Tuesday","9",17.2,80.8,17,49.6,29,5.4,1014,3,100,61,10,84,0.9
"292",37.1950559539834,37.3,"2012","5","Tuesday","11",12.2,55.9,27.4,47.9,33,4.1,1015,0,91,179,13,47,0.6
"295",17.7872993495014,17.7,"2012","5","Tuesday","14",3.4,23,70.3,27.6,20,3.5,1015,0,71,133,15,211,1.8
"303",22.914411585658,23,"2012","5","Wednesday","11",4.1,29.2,43.4,37.1,31,9.6,1019,0,87,83,9,319,1.3
"305",24.87828405038,24.9,"2012","5","Wednesday","13",8.1,37.3,40.4,43.6,31,9,1018,0,84,147,10,308,1.3
"309",15.8597448727396,15.8,"2012","5","Thursday","6",1.2,17.7,56.9,19.1,13,4.1,1011,0,92,11,8,349,0.8
"311",20.5304442367225,20.6,"2012","5","Thursday","8",2.2,23.9,47.4,13.3,14,6.2,1011,0,95,38,8,345,0.7
"317",19.5488199856831,19.6,"2012","5","Thursday","14",1.6,22,46.9,21.7,18,7.8,1009,0,92,38,9,334,0.4
"321",25.8487120983429,25.8,"2012","5","Friday","7",3.1,30.6,37.9,18.5,15,4.7,1005,0,94,36,8,337,0.5
"323",21.4957625857713,21.5,"2012","5","Friday","9",4.7,28.7,48.9,12.3,13,4.7,1005,0,85,98,9,344,1.1
"327",26.7821243084426,26.8,"2012","5","Friday","13",8.1,39.2,40.4,14.2,14,4.7,1005,0,84,48,9,346,0.9
"328",22.4283390242922,22.5,"2012","5","Friday","14",2.2,25.8,47.4,15.4,14,2.7,1005,0,85,41,9,347,1.1
"331",51.6466496921488,51.6,"2012","5","Monday","6",15.3,75.1,25.4,37.5,36,1.9,1017,0,69,269,16,64,0.7
"333",33.9669631761676,33.9,"2012","5","Monday","8",8.7,47.3,53.9,28.9,29,6.7,1017,0,59,410,20,93,0.7
"334",29.7369063437164,29.6,"2012","5","Monday","9",6.5,39.7,64.9,29.4,22,3.8,1016,0,55,566,22,195,0.8
"335",27.1953100048189,27.3,"2012","5","Monday","10",4.7,34.4,75.8,32.1,19,3.1,1016,1,54,249,24,207,0.7
"339",19.6602717323485,19.6,"2012","5","Monday","14",1.2,21.5,148.2,40.2,21,-1.3,1015,0,53,181,26,229,2.3
"340",16.1522377087297,16.3,"2012","5","Monday","15",1.6,18.6,147.7,27.7,21,-2,1015,0,56,317,25,236,1.7
"344",22.3975674467031,22.5,"2012","5","Tuesday","8",4.7,29.6,49.9,29,26,3.4,1016,0,64,398,18,352,1.3
"348",14.2913814513003,14.3,"2012","5","Tuesday","12",1.9,17.2,81.3,34.6,28,-1,1016,0,61,344,22,1,1.1
"349",17.289707576576,17.2,"2012","5","Tuesday","13",3.4,22.5,87.3,39.5,28,-2.5,1015,0,63,152,22,16,1.1
"351",21.9727799948854,22,"2012","5","Tuesday","15",2.5,25.8,84.3,38.8,31,-0.5,1015,0,71,143,21,67,1.6
"361",16.271332737831,16.3,"2012","5","Wednesday","14",2.5,20.1,75.8,16.6,13,-3.1,1016,13,66,190,20,206,1.1
"362",15.81056228445,15.8,"2012","5","Wednesday","15",2.8,20.1,70.8,20.2,13,-5.2,1016,6,63,288,22,191,0.9
"368",21.0946202647213,21,"2012","5","Thursday","10",6.2,30.6,40.4,19.3,11,4.3,1017,0,67,282,18,244,1.7
"369",17.6528478394917,17.7,"2012","5","Thursday","11",4.4,24.4,45.9,20.6,8,1.4,1017,0,66,260,19,245,1.7
"372",11.9258848012668,12,"2012","5","Thursday","14",2.2,15.3,62.4,21.3,12,0.6,1016,0,61,96,18,256,2.4
"375",23.3791013125777,23.4,"2012","6","Friday","6",12.8,43,15.5,19.8,16,0.7,1018,0,85,137,16,240,1.5
"376",23.4497004399312,23.4,"2012","6","Friday","7",10.6,39.7,20,21.5,13,2,1018,2,79,268,17,249,0.9
"377",26.8712047354666,26.8,"2012","6","Friday","8",11.5,44.5,24.4,16,12,2,1018,0,72,230,18,255,1.1
"380",25.2677747853738,25.3,"2012","6","Friday","11",10,40.6,47.4,15.9,8,3.3,1017,0,58,120,20,273,0.8
"383",21.9300173497233,22,"2012","6","Friday","14",2.2,25.3,51.9,19.6,15,0.4,1017,0,63,97,19,16,0.4
"384",23.0650824867173,23,"2012","6","Friday","15",1.2,24.9,54.4,14.6,13,0.3,1017,0,65,69,19,34,0.5
"385",25.7509878126027,25.8,"2012","6","Friday","16",1.6,28.2,44.4,19.3,13,-0.4,1017,0,71,51,19,35,1.1
"386",2.46207959332308,2.4,"2012","6","Monday","6",1.2,4.3,56.9,4.1,4,2.1,1010,3,101,41,7,358,1.6
"389",1.95861255774015,1.9,"2012","6","Monday","9",1.2,3.8,51.9,6.7,3,4.8,1012,5,85,186,9,4,1.6
"390",2.82645307379761,2.9,"2012","6","Monday","10",2.2,6.2,49.4,9.1,7,4.7,1013,5,82,238,10,347,1.6
"392",4.85838629446149,4.8,"2012","6","Monday","12",1.2,6.7,47.9,8.7,6,3.3,1014,3,76,181,10,341,1.5
"395",3.85597824588006,3.8,"2012","6","Monday","15",1.2,5.7,55.9,11.2,7,4.5,1015,1,60,224,12,331,1.5
"399",5.70594353199616,5.7,"2012","6","Tuesday","8",2.8,10,48.9,12.9,10,1.1,1015,0,72,213,12,163,0.8
"402",3.24334858799839,3.3,"2012","6","Tuesday","11",1.6,5.7,68.4,13.5,6,3.1,1014,0,64,231,14,160,1.1
"408",13.3745305017711,13.4,"2012","6","Wednesday","6",5.3,21.5,40.4,14.8,9,1,1001,0,90,182,11,218,2.3
"411",7.0968589023527,7.2,"2012","6","Wednesday","9",4.7,14.3,54.4,10.4,13,4.3,1001,0,72,490,14,221,3
"412",8.55044636793241,8.6,"2012","6","Wednesday","10",4.4,15.3,54.9,17.9,6,2.9,1001,0,71,296,15,217,2.6
"413",4.46676305178882,4.5,"2012","6","Wednesday","11",2.5,8.3,62.5,11.4,8,3.8,1001,0,67,292,15,212,3
"414",4.46946870769691,4.5,"2012","6","Wednesday","12",2.5,8.3,62.5,12.6,12,3.8,1001,0,69,306,16,206,2.1
"418",7.66532619679941,7.7,"2012","6","Wednesday","16",2.5,11.5,47.4,14.8,5,0.5,1000,0,78,135,14,215,1
"421",8.64992510633069,8.6,"2012","6","Thursday","8",3.1,13.4,36.9,12.5,9,0.4,998,0,85,233,14,161,0.6
"426",11.5114288167264,11.5,"2012","6","Thursday","13",2.8,15.8,35.4,14,10,-0.6,994,1,96,51,13,120,1.8
"428",14.37156692156,14.3,"2012","6","Thursday","15",2.5,18.2,42.4,12,7,1.4,992,0,99,22,13,131,2.2
"432",5.26582611544135,5.3,"2012","6","Friday","8",2.5,9.1,61.9,16.3,6,0.5,994,9,82,109,14,204,3.4
"433",4.7857291417235,4.8,"2012","6","Friday","9",1.9,7.7,65.4,17,8,2.6,995,11,78,43,14,206,4.6
"436",7.18694772846083,7.2,"2012","6","Friday","12",3.4,12.4,65.4,17.7,12,3.1,997,1,71,246,15,212,5
"442",26.2721293736514,26.3,"2012","6","Monday","7",2.5,30.1,25.4,15.1,13,0.3,999,107,97,20,11,23,1.9
"445",18.212263006425,18.2,"2012","6","Monday","10",2.8,22.5,34.4,19.1,13,0.9,999,4,98,95,14,34,1.9
"446",22.4795606822705,22.5,"2012","6","Monday","11",5.3,30.6,36.9,19.3,14,0.8,999,3,98,106,14,34,2.2
"448",19.5799625789023,19.6,"2012","6","Monday","13",5.3,27.7,31.9,17.5,15,-0.7,999,1,98,97,13,12,1.4
"449",15.2511289844289,15.3,"2012","6","Monday","14",1.6,17.7,39.4,20.3,14,0.7,1000,0,97,74,13,10,1.3
"455",20.0600991026095,20.1,"2012","6","Tuesday","9",7.2,31.1,39.9,12.4,4,2.5,1007,2,94,48,10,343,1.3
"456",18.1277476081986,18.2,"2012","6","Tuesday","10",2.2,21.5,37.4,12.2,5,2.4,1007,0,92,54,11,345,1
"458",13.4587460727707,13.4,"2012","6","Tuesday","12",1.2,15.3,34.4,11.4,5,0.9,1009,0,80,52,11,354,0.7
"463",43.0882939980692,43,"2012","6","Wednesday","6",27.4,85.1,14.5,16.7,9,0,1015,0,79,317,14,121,0.4
"464",26.3645269718191,26.3,"2012","6","Wednesday","7",11.5,44,35.9,13.9,5,0.6,1015,0,60,440,16,85,0.7
"465",13.8478079791302,13.9,"2012","6","Wednesday","8",4.4,20.6,46.4,16.6,2,2.7,1015,0,60,466,16,45,0.8
"467",18.6886042506151,18.6,"2012","6","Wednesday","10",6.2,28.2,54.9,15.1,3,4.6,1015,0,53,157,17,92,1
"471",17.6126790083857,17.7,"2012","6","Wednesday","14",4.1,23.9,63.4,12.5,10,3,1016,0,53,246,16,120,1.3
"472",11.5443505459215,11.5,"2012","6","Wednesday","15",3.1,16.3,68.4,11.1,6,7.8,1015,0,50,511,17,127,1.3
"473",17.3245416247954,17.2,"2012","6","Wednesday","16",3.7,23,59.9,11,6,17.4,1015,0,49,250,17,139,0.8
"477",11.4693137310582,11.5,"2012","6","Thursday","9",5.3,19.6,60.9,24.4,12,1.4,1016,0,60,532,16,125,2.2
"478",7.68243608878355,7.7,"2012","6","Thursday","10",3.4,12.9,71.8,19.1,9,1.3,1016,0,52,237,17,128,2.9
"480",7.64284169436625,7.7,"2012","6","Thursday","12",3.1,12.4,79.3,14.7,4,1.9,1015,0,57,561,17,117,2.4
"484",20.6039235560556,20.6,"2012","6","Thursday","16",2.8,24.9,61.9,26,11,2.4,1013,0,73,131,15,80,2.3
"488",6.28540583953725,6.2,"2012","6","Friday","9",3.4,11.5,63.9,18.3,7,0.1,1007,3,63,222,19,206,2.6
"489",4.26371682162788,4.3,"2012","6","Friday","10",2.5,8.1,61.4,23.2,9,0.1,1006,3,61,284,19,206,1.8
"496",9.09301557256044,9.1,"2012","8","Monday","6",3.4,14.3,24.4,12,10,3.3,1016,0,89,203,16,120,0.7
"501",1.84916152319846,1.9,"2012","8","Monday","11",1.6,4.3,51.4,10.1,10,3,1012,0,64,230,17,197,0.9
"514",5.75965217508333,5.7,"2012","8","Tuesday","13",2.5,9.6,61.9,15.8,11,1.4,1013,2,56,132,9,203,1.7
"522",1.86827583331047,1.9,"2012","8","Wednesday","10",2.5,5.7,55.2,20.5,12,2.1,1009,0,63,242,21,201,2.3
"524",5.18633833074245,5.3,"2012","8","Wednesday","12",1.9,8.1,49.4,16.7,6,-1.3,1010,0,63,64,20,214,2.6
"528",7.7096377247675,7.7,"2012","8","Wednesday","16",2.8,12,55.4,11.8,6,1.1,1011,0,90,71,14,208,2.1
"529",17.697493613295,17.7,"2012","8","Thursday","6",4.7,24.9,32.9,13.9,6,1.9,1012,0,94,89,15,210,1.4
"531",16.7811595671796,16.7,"2012","8","Thursday","8",5.3,24.9,31.4,9.7,10,4.4,1012,0,89,136,16,221,1.9
"532",16.3001117496046,16.3,"2012","8","Thursday","9",6.2,25.8,27.9,10.8,8,2.4,1012,0,88,195,17,234,1.6
"533",16.2785096645254,16.3,"2012","8","Thursday","10",5.3,24.4,23,14.5,8,3,1013,1,92,228,16,257,1.5
"536",14.8121500743012,14.8,"2012","8","Thursday","13",2.8,19.1,31.9,9.3,7,6.1,1016,0,92,137,14,310,1.6
"540",31.4830870111507,31.6,"2012","8","Friday","6",9.4,45.9,11.5,16.1,6,7.4,1028,0,72,212,11,290,0.5
"546",3.86445904689901,3.8,"2012","8","Friday","12",2.5,7.7,46.4,11.7,9,8.4,1029,0,39,77,19,310,1.1
"547",4.76475057136941,4.8,"2012","8","Friday","13",2.5,8.6,49.4,12.4,9,8.4,1029,0,38,91,20,315,0.9
"556",36.9033373996459,36.8,"2012","9","Monday","11",16.5,62.2,17,24.3,14,7.6,1026,0,51,66,25,37,0.5
"559",36.8629737888389,36.8,"2012","9","Monday","14",8.7,50.2,26.9,20.1,11,4.9,1024,0,39,59,27,296,0.6
"561",33.5507980596712,33.5,"2012","9","Monday","16",3.1,38.3,39.4,13.8,9,3.6,1023,0,36,44,27,332,0.5
"563",30.5478308659327,30.6,"2012","9","Tuesday","7",22.8,65.5,5,21.4,19,4.9,1023,0,79,197,19,259,0.9
"564",33.0610655465626,33,"2012","9","Tuesday","8",37.4,90.4,7,23,21,5.5,1023,0,67,302,22,227,1.7
"571",10.0324870730227,10,"2012","9","Tuesday","15",2.2,13.4,38.4,15.6,10,-0.5,1021,0,53,102,27,327,0.8
"572",17.6327213728127,17.7,"2012","9","Tuesday","16",2.2,21,25.4,16.9,12,-1.2,1021,0,57,31,25,336,0.9
"578",5.76448280219607,5.7,"2012","9","Wednesday","11",2.5,9.6,48.4,17.4,10,5.7,1026,0,45,57,20,349,1.2
"590",7.70418197207923,7.7,"2012","9","Thursday","12",2.8,12,63.9,13.4,4,8,1028,0,42,128,22,219,1.4
"593",13.4435347130266,13.4,"2012","9","Thursday","15",3.1,18.2,70.3,24.1,11,5.3,1026,0,43,59,22,216,2.1
"594",15.806780287634,15.8,"2012","9","Thursday","16",2.8,20.1,71.8,18.9,12,4.6,1025,0,44,46,22,223,1.9
"595",48.8623774175785,48.8,"2012","9","Friday","6",8.7,62.2,20.5,32.4,19,7.9,1024,0,84,125,15,226,1.5
"597",42.028111351306,42.1,"2012","9","Friday","8",9.7,56.9,27.9,29.9,18,14.8,1024,0,60,354,20,251,1.1
"600",29.1372178520945,29.2,"2012","9","Friday","11",5,36.8,49.9,15.4,12,9,1024,1,36,43,26,244,1.4
"601",21.0055286388253,21,"2012","9","Friday","12",2.8,25.3,62.4,17.1,6,8.3,1024,0,29,42,27,240,1.7
"606",9.03033576150743,9.1,"2012","9","Monday","6",2.2,12.4,49.9,15.8,9,4.5,1009,0,83,44,17,203,1.8
"607",9.1105850016845,9.1,"2012","9","Monday","7",2.8,13.4,46.4,12.1,6,3.2,1010,0,80,77,18,208,1.8
"608",12.8698571755169,12.9,"2012","9","Monday","8",10,28.2,44.4,15.7,7,3.8,1010,0,78,255,19,211,2.2
"610",7.25046980001512,7.2,"2012","9","Monday","10",3.1,12,46.4,11.9,5,3.7,1010,0,71,170,21,211,2.7
"616",6.16943768966142,6.2,"2012","9","Monday","16",2.5,10,59.4,13.1,6,3.5,1009,0,70,42,20,211,3.1
"617",27.7378364170479,27.7,"2012","9","Tuesday","6",5,35.4,38.9,10.2,7,6.8,1009,0,78,66,16,230,1.9
"622",10.0392212273695,10,"2012","9","Tuesday","11",3.1,14.8,54.9,14.9,-1,12.3,1012,0,48,102,18,255,2.1
"625",15.3442813165675,15.3,"2012","9","Tuesday","14",3.1,20.1,53.9,12.5,8,11.5,1013,1,39,76,19,251,1.7
"632",17.2925410660926,17.2,"2012","9","Wednesday","10",6.2,26.8,42.6,14.1,8,11,1014,0,54,178,18,230,2.3
"633",8.68669702401783,8.6,"2012","9","Wednesday","11",3.4,13.9,36.6,14.2,9,10.1,1014,0,58,151,18,222,2.5
"637",12.4330685385605,12.4,"2012","9","Wednesday","15",5,20.1,49.4,9.4,4,7.4,1011,0,54,78,19,218,2.9
"643",33.519153524709,33.5,"2012","9","Thursday","10",15.9,57.9,25.9,15.5,10,12.8,1020,0,48,50,18,238,1.5
"645",13.37474695956,13.4,"2012","9","Thursday","12",5.3,21.5,48.4,9.8,10,12.7,1019,0,40,115,21,247,1.4
"647",15.3092608618723,15.3,"2012","9","Thursday","14",5.6,23.9,49.4,21.8,10,15.7,1018,0,43,85,20,233,1.9
"655",13.9311525526161,13.9,"2012","9","Friday","11",3.7,19.6,41.4,7.6,5,9.1,1010,0,59,98,22,261,1.8
"657",8.166800277957,8.1,"2012","9","Friday","13",2.5,12,52.4,15,11,9.6,1011,0,44,111,21,289,1.4
"659",10.0637737536127,10,"2012","9","Friday","15",2.5,13.9,50.9,14.7,5,10.2,1011,0,47,54,20,273,1.7
"660",10.9844319848904,11,"2012","9","Friday","16",1.9,13.9,50.9,14.5,7,8.9,1011,0,48,31,19,278,1.4
"663",21.9847245113485,22,"2012","9","Monday","8",8.1,34.4,25.9,15.5,13,12.8,1012,0,74,183,17,234,1.8
"664",12.9126374823476,12.9,"2012","9","Monday","9",5.6,21.5,40.4,15.8,6,14,1012,0,61,91,19,246,2
"666",4.26467181258518,4.3,"2012","9","Monday","11",2.5,8.1,55.9,14.8,8,14.6,1012,0,42,73,21,245,1.9
"670",9.5135092967412,9.6,"2012","9","Monday","15",4.1,15.8,58.9,9.3,7,6.8,1010,0,49,86,19,234,2.1
"673",29.6090243529035,29.6,"2012","9","Tuesday","7",10.3,45.4,21.5,12.3,7,18.1,1010,0,76,128,15,235,1.7
"675",15.8000899480364,15.8,"2012","9","Tuesday","9",7.5,27.3,37.4,8.8,6,19.3,1011,0,56,96,17,251,2
"681",9.10478019598423,9.1,"2012","9","Tuesday","15",2.8,13.4,52.9,9.2,7,19,1013,2,46,46,17,269,1.3
"683",47.2925452510948,47.3,"2012","9","Wednesday","6",28.7,91.3,4,12.8,7,15.1,1020,0,81,29,9,229,0.6
"689",9.60356585919235,9.6,"2012","9","Wednesday","12",2.8,13.9,49.4,9.9,6,16.1,1021,0,44,127,17,293,0.9
"693",29.1827391911578,29.2,"2012","9","Wednesday","16",3.4,34.4,35.4,15.3,9,15.9,1020,0,42,27,16,252,0.6
"702",11.0048512192359,11,"2012","9","Thursday","14",2.8,15.3,56.9,13.2,7,9.8,1018,0,51,49,18,209,1.8
"703",10.0839208010402,10,"2012","9","Thursday","15",3.4,15.3,55.9,16.8,8,9.1,1018,0,56,52,17,208,2.1
"704",13.4468641583184,13.4,"2012","9","Thursday","16",3.1,18.2,54.9,9.4,6,9.7,1018,0,58,24,17,209,1.9
"706",52.5961724155241,52.6,"2012","9","Friday","7",28.7,96.6,5,13.8,8,9,1014,0,82,105,13,228,0.4
"711",27.7115218910136,27.7,"2012","9","Friday","12",5.6,36.3,42.4,16.8,7,10,1012,0,58,155,17,220,1.1
"713",29.6731193711548,29.6,"2012","9","Friday","14",5.3,37.8,36.9,16.2,9,11.9,1012,0,55,111,18,242,1.1
"714",35.3210445916528,35.4,"2012","9","Friday","15",6.9,45.9,30.4,15.2,11,13.1,1011,0,56,80,17,236,0.9
"717",40.6076017517472,40.6,"2012","9","Monday","7",15,63.6,2,23.5,19,6.9,985,0,97,22,14,87,0.8
"720",38.7688826225276,38.7,"2012","9","Monday","10",23.7,75.1,7.5,18.1,16,6.7,983,4,97,38,15,190,2
"723",18.6182750253692,18.6,"2012","9","Monday","13",4.1,24.9,35.4,7.1,5,7.2,987,5,96,60,12,226,3.7
"724",16.3301193084726,16.3,"2012","9","Monday","14",3.7,22,43.4,8.3,5,7.8,988,3,92,103,12,221,3.9
"731",8.18880203275521,8.1,"2012","9","Tuesday","10",3.4,13.4,49.9,8.9,7,8.8,987,1,73,95,15,210,2.1
"739",24.4566583107112,24.4,"2012","9","Wednesday","7",5.9,33.5,30.4,7.4,6,7.2,989,0,92,55,10,132,0.6
"740",17.6764569729349,17.7,"2012","9","Wednesday","8",5.3,25.8,31.4,8.6,6,7.1,989,1,92,84,11,127,0.3
"741",9.55834893299765,9.6,"2012","9","Wednesday","9",4.4,16.3,38.9,4.2,5,5.8,990,1,89,89,13,156,0.2
"742",9.57524617780512,9.6,"2012","9","Wednesday","10",5.3,17.7,33.4,11.3,5,6.4,990,0,86,118,14,164,0.3
"759",33.9917922741673,33.9,"2012","9","Thursday","16",6.2,43.5,35.4,17.8,9,7.5,1008,0,62,19,15,225,1.5
"761",25.3223098961374,25.3,"2012","9","Friday","7",6.9,35.9,31.9,11.3,5,8.1,1012,0,87,80,13,206,1.8
"762",14.335630823088,14.3,"2012","9","Friday","8",5,22,40.9,10.5,6,7.4,1012,0,82,84,14,209,2
"774",12.5338722422247,12.4,"2012","10","Monday","9",3.7,18.2,36.4,7.5,5,3.3,1010,0,95,60,16,202,1.8
"775",13.8029857557982,13.9,"2012","10","Monday","10",4.7,21,32.4,5.3,7,3.2,1010,0,93,71,17,221,1.7
"779",28.6956640989881,28.7,"2012","10","Monday","14",10.9,45.4,21.5,9,10,2.4,1009,0,94,92,15,219,1.4
"782",15.7150357000179,15.8,"2012","10","Tuesday","6",4.1,22,39.4,12.3,6,7.4,1010,1,90,26,12,204,1.1
"784",16.2331041776042,16.3,"2012","10","Tuesday","8",5,23.9,39.4,13.7,4,8,1010,0,85,71,13,208,1.7
"787",3.866081324959,3.8,"2012","10","Tuesday","11",2.5,7.7,59.9,17.1,7,4.6,1009,0,68,127,18,211,3
"788",2.9080380081212,2.9,"2012","10","Tuesday","12",2.8,7.2,59.4,12.9,8,4.6,1008,1,66,121,18,207,2.6
"791",7.16810040426777,7.2,"2012","10","Tuesday","15",2.5,11,43.9,10.8,4,1.9,1007,2,78,15,16,206,2.1
"793",27.2191924408644,27.3,"2012","10","Wednesday","6",6.9,37.8,25.4,15.1,5,7.7,1003,1,87,28,11,216,1.7
"797",18.1207532864852,18.2,"2012","10","Wednesday","10",9.7,33,35.4,18.1,3,7.1,1005,1,62,95,15,254,1.8
"798",21.0195472181452,21,"2012","10","Wednesday","11",6.9,31.6,34.9,11,6,7.7,1005,0,64,101,15,231,2.1
"800",14.2489748091091,14.3,"2012","10","Wednesday","13",4.4,21,43.4,18.5,7,7.1,1004,0,57,121,16,224,2.4
"802",9.58406581093801,9.6,"2012","10","Wednesday","15",3.4,14.8,47.9,10.2,2,7.7,1004,1,65,45,15,206,2.6
"805",44.0101377586649,44,"2012","10","Thursday","7",34.3,96.6,5.5,13.6,9,7.7,1005,1,93,25,11,225,1
"808",18.1578034253485,18.2,"2012","10","Thursday","10",7.2,29.2,40.4,12,4,7.7,1007,0,60,67,16,235,2
"812",11.8907238936173,12,"2012","10","Thursday","14",4.7,19.1,48.9,11.3,4,7.1,1009,0,58,76,16,217,2.8
"813",14.7511801188111,14.8,"2012","10","Thursday","15",4.4,21.5,44.9,13.2,5,7.7,1009,0,61,70,16,221,2.3
"817",33.0323134432655,33,"2012","10","Friday","8",11.2,50.2,19,8.4,7,7.7,1004,0,90,106,13,232,2
"818",22.0924066132217,22,"2012","10","Friday","9",6.2,31.6,31.9,7.1,-4,7.7,1005,1,82,63,14,240,1.9
"820",14.3121015293459,14.3,"2012","10","Friday","11",4.1,20.6,50.4,7.3,1,7.7,1006,2,59,124,17,236,2.3
"821",24.7958384171796,24.9,"2012","10","Friday","12",12.2,43.5,42.9,7.5,7,7.1,1007,0,64,137,16,228,2.5
"824",27.7696269070401,27.7,"2012","10","Friday","15",2.5,31.6,32.4,10.5,9,7.7,1008,0,73,16,14,257,0.8
"827",49.1763457378836,49.2,"2012","10","Monday","7",20.3,80.3,2.5,18.7,14,11.6,1014,0,82,37,12,87,0.7
"830",30.7044636009357,30.6,"2012","10","Monday","10",9,44.5,16,14.2,11,10.3,1013,1,91,81,12,93,1.3
"833",33.1090382506826,33,"2012","10","Monday","13",9,46.9,11.5,9.7,14,9.7,1011,3,95,37,12,70,0.9
"840",20.5923252778206,20.6,"2012","10","Tuesday","9",6.2,30.1,31.4,17.1,8,11.6,1016,0,81,93,12,42,1.4
"841",15.7115774247059,15.8,"2012","10","Tuesday","10",4.1,22,40.4,13.1,6,11,1016,3,71,77,13,48,1.6
"844",20.1441641005728,20.1,"2012","10","Tuesday","13",3.1,24.9,41.4,19.9,10,16.1,1015,0,67,58,14,70,1.1
"847",21.538130017811,21.5,"2012","10","Tuesday","16",0.3,22,50.4,15.1,7,11,1015,0,70,7,13,80,1.4
"850",62.6828898047439,62.6,"2012","10","Wednesday","8",58.9,153,7.5,24.2,13,14.2,1015,0,72,30,10,74,1
"860",50.1601459156688,50.2,"2012","10","Thursday","7",46.2,121,2,32.8,23,11.6,1005,0,87,57,10,80,0.7
"867",19.6756946137083,19.6,"2012","10","Thursday","14",11.5,37.3,8,12.5,15,7.8,1000,0,92,26,15,125,1.3
"868",22.9473162265728,23,"2012","10","Thursday","15",10.6,39.2,5.5,25.7,10,7.8,999,1,92,7,15,127,1.4
"872",19.185653868072,19.1,"2012","10","Friday","8",3.4,24.4,31.4,12.3,5,11.6,1004,0,78,81,12,246,2.4
"877",11.4633968216695,11.5,"2012","10","Friday","13",2.5,15.3,28.4,7.6,4,8.4,1006,0,50,58,15,243,2.6
"878",17.7229258518983,17.7,"2012","10","Friday","14",3.7,23.4,33.9,12.3,6,8.3,1006,1,55,49,14,227,2.7
"882",43.0336961380446,43,"2012","10","Monday","7",53,124.3,2,19.4,15,7.1,1001,0,93,45,7,172,0.3
"883",29.6995695405171,29.6,"2012","10","Monday","8",16.5,55,20.5,15.5,9,5.8,1001,0,80,76,11,209,1
"884",20.9595697428291,21,"2012","10","Monday","9",7.2,32,28.4,13.4,9,5.7,1001,0,73,116,12,206,1.5
"888",14.8737589645598,14.8,"2012","10","Monday","13",5.3,23,44.4,9,6,3.5,1000,0,73,70,13,219,2.8
"892",19.0483937369362,19.1,"2012","10","Tuesday","6",4.4,25.8,39.9,19.7,6,5.2,997,2,84,14,9,212,2.9
"894",11.8862300022289,12,"2012","10","Tuesday","8",4.7,19.1,47.9,22,4,6.3,998,1,71,69,13,218,3.7
"897",9.95154868915809,10,"2012","10","Tuesday","11",4.4,16.7,53.9,13.2,9,6.2,1000,0,54,62,16,227,3.5
"908",9.14656259535922,9.1,"2012","10","Wednesday","11",3.1,13.9,60.9,17.7,9,4.8,997,1,65,67,18,215,2.7
"912",22.4531800182945,22.5,"2012","10","Wednesday","15",4.4,29.2,51.9,14.9,8,5.2,997,0,72,21,14,205,1.6
"915",28.2565805153916,28.2,"2012","10","Thursday","7",5.9,37.3,31.9,14.1,6,4.9,1000,4,98,41,12,210,0.2
"917",14.4285625343384,14.3,"2012","10","Thursday","9",3.7,20.1,37.4,15.8,5,2.9,1001,1,98,86,13,211,0.2
"921",8.55566022619576,8.6,"2012","10","Thursday","13",4.4,15.3,56.4,16.1,5,4.6,1001,0,99,79,14,206,0.7
"926",43.0401343721566,43,"2012","10","Friday","7",39.3,103.3,1.5,21.2,7,5.5,1006,0,96,8,12,108,0.3
"933",45.8671856224938,45.9,"2012","10","Friday","14",7.2,56.9,10.5,10.1,8,3.8,1005,9,98,14,12,41,0.9
"938",24.8909937224084,24.9,"2012","10","Monday","8",18.4,53.1,2,33.1,22,4.5,1018,0,100,18,14,41,1.1
"947",17.6916781253812,17.7,"2012","10","Tuesday","6",1.9,20.6,4.5,19.6,13,3.2,1022,0,100,2,13,8,0.6
"949",22.9732382852374,23,"2012","10","Tuesday","8",10,38.3,2.5,18.7,15,3.7,1022,1,100,25,13,3,0.6
"950",21.51870368374,21.5,"2012","10","Tuesday","9",13.1,41.6,2,19.8,14,4.3,1023,0,100,38,13,334,0.4
"953",26.7058885205987,26.8,"2012","10","Tuesday","12",22.5,61.2,2,30.3,24,3.5,1023,0,100,33,13,326,0.5
"955",28.6602592852185,28.7,"2012","10","Tuesday","14",20.9,60.7,2,42.7,35,3.4,1022,0,100,16,14,344,0.7
"957",30.9928133717845,31.1,"2012","10","Tuesday","16",9.4,45.4,2,44.3,34,3.9,1022,0,100,3,14,4,0.7
"960",32.9920193309669,33,"2012","10","Wednesday","8",36.2,88.5,1,73.4,47,3,1019,0,98,11,14,41,1.1
"962",33.9898554710087,33.9,"2012","10","Wednesday","10",34.9,87.5,3,74.9,58,4.2,1019,0,91,64,15,40,1.6
"963",33.9607746879668,33.9,"2012","10","Wednesday","11",31.2,81.8,1.5,83.7,62,2.2,1018,0,88,61,15,45,1.5
"964",35.7892788142372,35.9,"2012","10","Wednesday","12",25.9,75.5,4.5,83.5,66,2.1,1018,0,85,114,15,59,1.5
"965",36.335720456324,36.3,"2012","10","Wednesday","13",29,80.8,5.5,78.9,61,2.7,1017,0,83,74,16,59,1.3
"968",39.2250637471832,39.2,"2012","10","Wednesday","16",15.9,63.6,3.5,76.9,64,1.9,1016,0,85,12,15,49,1.6
"980",14.4562287990987,14.3,"2012","10","Friday","6",1.2,16.3,40.9,14.2,5,1,1011,0,81,1,9,29,2.4
"986",13.7831359971345,13.9,"2012","10","Friday","12",1.9,16.7,43.9,12.9,6,2.8,1010,0,77,58,9,4,1.4
"991",15.3056045319957,15.3,"2012","10","Monday","6",2.8,19.6,39.4,11.5,5,2.3,1007,0,92,1,8,203,1.3
"995",22.519027269408,22.5,"2012","10","Monday","10",8.4,35.4,36.9,13,4,0.9,1007,0,82,72,12,218,2.2
"996",18.1937807114232,18.2,"2012","10","Monday","11",6.2,27.7,45.9,11.4,7,3.5,1006,0,75,86,13,225,2.5
"999",19.6477815958767,19.6,"2012","10","Monday","14",3.1,24.4,40.9,10,7,1.5,1006,0,78,42,12,247,1.6
"1006",45.9165900187661,45.9,"2012","10","Tuesday","10",22.1,79.8,11,17,12,3.1,1004,0,97,49,9,256,0.9
"1009",35.3511585335233,35.4,"2012","10","Tuesday","13",28.4,78.9,28.9,12.7,9,4.7,1002,0,65,60,11,245,1.3
"1013",18.123491098412,18.2,"2012","10","Wednesday","6",2.2,21.5,30.4,11.8,8,1.4,991,0,81,1,6,186,0.4
"1016",20.4934992905606,20.6,"2012","10","Wednesday","9",4.7,27.7,45.9,8.9,4,0.7,990,0,86,60,10,203,1.3
"1022",8.16388449404812,8.1,"2012","10","Wednesday","15",2.5,12,56.9,16.9,10,1.3,985,0,70,27,12,211,0.8
"1026",26.7529099324157,26.8,"2012","11","Thursday","8",4.4,33.5,42.4,8,1,2.9,975,0,98,34,7,202,0.8
"1028",15.8273959261832,15.8,"2012","11","Thursday","10",3.7,21.5,55.4,9.1,4,2.9,975,0,98,82,8,208,2
"1029",8.56970300459026,8.6,"2012","11","Thursday","11",2.5,12.4,63.4,3.6,3,3.5,975,0,98,69,9,207,2.4
"1034",38.7497715335463,38.7,"2012","11","Thursday","16",5.9,47.8,24.9,10,4,3.4,979,0,72,4,8,232,1.8
"1044",27.2083919190175,27.3,"2012","11","Friday","15",4.1,33.5,39.9,8.3,4,2.3,989,0,61,19,9,246,1.4
"1054",15.3549176219199,15.3,"2012","11","Monday","14",1.2,17.2,45.4,12.7,7,5.6,1006,0,62,24,10,335,1.3
"1059",47.8802580013338,47.8,"2012","11","Tuesday","8",56.1,133.89999,2,35.1,32,7.8,1019,0,94,20,4,241,1.2
"1060",44.9285298626445,44.9,"2012","11","Tuesday","9",33.7,96.6,4.5,26.5,25,3.3,1019,0,91,27,6,243,1.4
"1062",46.3780442884219,46.4,"2012","11","Tuesday","11",23.1,81.8,12.5,25.7,19,3.5,1020,0,69,62,10,240,1.6
"1064",41.9557798488961,42.1,"2012","11","Tuesday","13",14.7,64.5,23.3,18.9,10,3.2,1019,0,66,67,10,241,1.9
"1072",33.3584709474024,33.5,"2012","11","Wednesday","10",14.7,55.9,14.5,21.8,13,4.6,1024,0,77,30,11,241,1.6
"1074",27.6819155243143,27.7,"2012","11","Wednesday","12",9.4,42.1,24.9,26.2,13,3.3,1024,0,72,55,11,227,2.9
"1078",37.329511756263,37.3,"2012","11","Wednesday","16",6.5,47.3,23,21.9,10,2.6,1022,0,75,3,10,235,2
"1086",26.3288699108176,26.3,"2012","11","Thursday","13",21.5,59.3,33.9,15,6,1.4,1016,0,61,56,13,258,1.5
"1088",37.7639968794631,37.8,"2012","11","Thursday","15",2.5,41.6,22.5,12.6,6,3.9,1016,0,62,11,12,256,1.1
"1091",46.9405290064731,46.9,"2012","11","Friday","7",16.8,72.7,14,12.7,10,4.1,1011,0,78,6,9,198,0.5
"1094",25.3114262660968,25.3,"2012","11","Friday","10",5.6,33.9,31.9,13.2,5,3.4,1010,0,74,64,12,207,0.6
"1099",15.8219452773144,15.8,"2012","11","Friday","15",3.7,21.5,52.9,16.6,7,2,1005,0,69,20,11,204,0.7
"1101",31.093814585248,31.1,"2012","11","Monday","6",6.2,40.6,8,11.5,10,1.7,1019,0,86,0,7,203,0.7
"1107",23.3140536403811,23.4,"2012","11","Monday","12",4.1,29.6,33.4,12.4,9,0.9,1019,0,79,35,11,203,0.6
"1119",12.465736429867,12.4,"2012","11","Tuesday","13",2.5,16.3,52.4,11.2,5,0.9,1025,0,63,57,16,204,1.2
"1125",31.0283727418311,31.1,"2012","11","Wednesday","8",9.7,45.9,17.5,18.8,13,3.6,1026,0,90,22,10,115,1.1
"1128",14.8122533152363,14.8,"2012","11","Wednesday","11",5.6,23.4,39.9,15.6,8,3.6,1025,0,79,29,12,107,1.4
"1129",20.0710730040689,20.1,"2012","11","Wednesday","12",12.8,39.7,39.9,16.7,8,4.2,1025,0,75,29,12,108,1.4
"1133",48.3057662368606,48.3,"2012","11","Wednesday","16",10.3,64.1,6.5,22.7,14,5.4,1024,0,78,2,10,71,0.7
"1135",31.0660485696664,31.1,"2012","11","Thursday","7",26.5,71.7,0,21.4,17,5,1023,0,95,4,5,30,0.4
"1137",40.1391464782207,40.2,"2012","11","Thursday","9",70.8,148.7,0.5,23.7,18,6.2,1022,0,96,33,6,23,0.4
"1146",28.630595126604,28.7,"2012","11","Friday","7",12.5,47.8,6,40.6,32,3.1,1016,0,84,4,6,172,0.3
"1148",29.1718914973283,29.2,"2012","11","Friday","9",12.8,48.8,6.5,51.6,41,3.7,1015,0,88,35,7,107,0.4
"1152",25.9092461691969,25.8,"2012","11","Friday","13",11.8,44,6,47.4,42,1.7,1012,0,93,20,8,124,0.6
"1156",45.4440318835872,45.4,"2012","11","Monday","6",19.6,75.5,5,16.2,10,0.7,1010,0,86,0,5,122,1.1
"1162",7.6428669957794,7.7,"2012","11","Monday","12",3.1,12.4,55.4,12.2,6,-0.1,1008,0,65,82,12,207,1.3
"1163",10.0820510034942,10,"2012","11","Monday","13",3.4,15.3,51.4,13.1,6,0.5,1008,0,66,52,11,207,1.2
"1164",10.0423467418962,10,"2012","11","Monday","14",3.1,14.8,53.9,13.8,6,-0.2,1008,0,69,31,11,206,1.4
"1165",12.902229338394,12.9,"2012","11","Monday","15",2.8,17.2,52.4,15.3,7,-0.2,1008,0,72,9,10,204,0.9
"1167",5.26972699623616,5.3,"2012","11","Tuesday","6",2.5,9.1,47.4,10,7,-2.5,1007,0,92,0,12,206,0.3
"1168",9.60804067935143,9.6,"2012","11","Tuesday","7",2.8,13.9,44.9,15,8,-0.6,1007,0,91,2,12,205,0.5
"1176",8.64945526265286,8.6,"2012","11","Tuesday","15",3.1,13.4,50.4,12.2,12,2.4,1007,0,78,9,13,208,0.9
"1177",9.14908586648892,9.1,"2012","11","Tuesday","16",3.1,13.9,47.9,13.2,9,2.4,1007,1,86,1,13,208,0.8
"1180",22.5147322343356,22.5,"2012","11","Wednesday","8",5.6,31.1,20.5,22.7,17,0.5,1002,0,89,5,10,132,2.7
"1182",13.3723910665777,13.4,"2012","11","Wednesday","10",5.3,21.5,23.9,19.7,11,2.1,1002,0,89,26,10,137,1.6
"1184",10.9537569963307,11,"2012","11","Wednesday","12",4.4,17.7,39.9,13.8,7,0.6,999,0,86,29,12,161,0.6
"1187",35.4498502049018,35.4,"2012","11","Wednesday","15",3.1,40.2,23.9,5.9,7,4.4,1005,0,89,2,8,262,3.4
"1188",32.5055378797347,32.5,"2012","11","Wednesday","16",2.8,36.8,27.4,12.7,5,4.3,1008,0,89,1,8,251,2.9
"1189",7.12227539859179,7.2,"2012","11","Thursday","6",2.2,10.5,58.4,18.7,5,1.4,1013,1,83,0,11,203,1.4
"1192",9.58406865708788,9.6,"2012","11","Thursday","9",3.4,14.8,56.9,17.2,7,3.3,1012,0,79,55,12,206,1.7
"1200",17.705260370992,17.7,"2012","11","Friday","6",2.8,22,54.4,7.6,2,2.1,1007,1,96,0,6,203,1.1
"1201",31.9539616827276,32,"2012","11","Friday","7",4.4,38.7,38.9,6.6,3,2.7,1008,1,97,3,6,199,0.7
"1209",35.8746403450506,35.9,"2012","11","Friday","15",8.1,48.3,19.5,16.3,4,6.7,1012,0,71,7,10,202,0.8
"1210",47.2882720033443,47.3,"2012","11","Friday","16",28.7,91.3,2,23.1,10,8.7,1012,1,79,1,8,222,0.4
"1214",49.3105971029579,49.2,"2012","12","Monday","9",11.8,67.4,14.5,11.2,7,4.1,1004,0,94,21,10,232,1.7
"1220",35.8808183887417,35.9,"2012","12","Monday","15",3.4,41.1,35.9,12.3,3,9.7,1005,0,69,9,8,259,2.2
"1231",38.7396497272231,38.7,"2012","12","Tuesday","15",3.1,43.5,30.4,14.4,6,10,1001,0,63,8,7,274,1.7
"1236",44.9713575500266,44.9,"2012","12","Wednesday","9",14.3,66.9,8,12.7,10,10.7,1005,0,92,28,2,319,1.7
"1238",30.6302992853397,30.6,"2012","12","Wednesday","11",6.5,40.6,31.9,9.5,7,10.1,1006,0,87,38,3,314,1.9
"1240",35.3543908463342,35.4,"2012","12","Wednesday","13",7.2,46.4,30.4,11.2,7,12.2,1007,0,73,31,4,306,2
"1246",65.3976011558662,65.5,"2012","12","Thursday","8",80.8,189.3,1.5,23.2,14,13.6,1017,1,88,18,-2,233,1.1
"1247",63.6445085348296,63.6,"2012","12","Thursday","9",61.4,157.8,3,22.8,13,13.6,1016,1,85,35,-1,225,1.4
"1248",64.0057154558351,64.1,"2012","12","Thursday","10",52.1,143.89999,5.5,29,20,13.7,1016,0,78,56,1,203,0.8
"1250",44.8205066453589,44.9,"2012","12","Thursday","12",20,75.5,16.5,23.6,10,11.1,1014,0,60,70,3,203,1.5
"1251",43.9368689985122,44,"2012","12","Thursday","13",10.6,60.2,16.5,19.5,10,10.5,1013,0,61,46,4,205,1.5
"1253",36.3662358325169,36.3,"2012","12","Thursday","15",5.3,44.5,20.5,16.4,10,10.3,1011,0,69,6,4,206,1.5
"1255",38.2655991745611,38.3,"2012","12","Friday","6",5.3,46.4,21.5,10.7,0,9.9,995,0,82,0,3,246,1.8
"1257",43.0504018788445,43,"2012","12","Friday","8",5.9,52.1,23,5.1,3,11.1,995,2,84,9,3,258,2.5
"1260",20.582999216083,20.6,"2012","12","Friday","11",3.4,25.8,42.4,6.7,5,11.6,997,0,78,53,5,294,2.6
"1261",19.2177014423389,19.1,"2012","12","Friday","12",3.7,24.9,45.4,8.9,-1,10.8,998,1,69,49,6,296,2.7
"1264",29.6599390917911,29.6,"2012","12","Friday","15",2.5,33.5,35.9,6.6,2,11.3,1000,0,60,5,7,298,2.2
"1269",17.7978271961684,17.9,"2013","2","Monday","9",3,22.4,60.9,22.3,12.5,8.5,1011,0,59,29,10,292,3.2
"1270",13.3468090039753,13.3,"2013","2","Monday","10",2.9,17.8,66.7,28.3,13.8,9.4,1012,0,49,31,10,283,2.8
"1272",11.5398873150527,11.5,"2013","2","Monday","12",3.1,16.3,66.6,25.2,9.4,9.9,1011,0,49,70,11,274,3.3
"1273",7.65722004963855,7.7,"2013","2","Monday","13",2.7,11.8,71.5,16.5,11.1,11.8,1011,0,46,74,11,276,3.4
"1274",9.50365564798949,9.5,"2013","2","Monday","14",2.8,13.8,71.1,16.9,10.4,8.1,1011,0,47,56,11,272,3.3
"1275",12.7732860751942,12.7,"2013","2","Monday","15",2.1,16,66.6,24,10.5,9.4,1011,0,47,38,10,267,2.8
"1279",43.0040625177744,43,"2013","2","Tuesday","8",10.3,58.8,43.5,12.8,7,8.6,1000,0,69,24,3,235,3.2
"1286",20.0156405757771,20,"2013","2","Tuesday","15",3.9,26,59.5,11.9,9.1,9.4,995,0,48,38,6,249,2.9
"1293",21.3337245638656,21.3,"2013","2","Wednesday","11",5,29,40.9,14.9,10.9,6.3,1006,0,77,68,5,313,2.4
"1297",16.3127036539677,16.4,"2013","2","Wednesday","15",2.6,20.3,50.3,11.5,8.9,8.3,1009,1,67,26,6,313,3.2
"1300",48.1162075291106,48.1,"2013","2","Thursday","7",5.4,56.4,15.6,12.4,6,8.1,1017,1,70,4,1,299,1.7
"1306",16.5624214263383,16.6,"2013","2","Thursday","13",5.5,25,49.8,14.3,9.3,8.9,1015,1,51,66,7,302,1.8
"1307",24.0755274215096,24.1,"2013","2","Thursday","14",5.1,31.9,40.8,15.2,9,7.1,1015,0,54,53,6,280,1.8
"1317",22.1036053527226,22.1,"2013","2","Friday","13",5.8,31,46.1,16.3,11.1,9.6,1018,0,55,87,7,307,1.9
"1321",35.8478080577766,35.8,"2013","2","Monday","6",3.1,40.6,14.8,23,17.1,5,993,2,93,0,1,60,0.5
"1328",24.155758880601,24.1,"2013","2","Monday","13",14.9,47,27.7,19.3,18,6.3,998,1,94,30,1,25,1.6
"1333",35.418842405413,35.5,"2013","2","Tuesday","7",3.9,41.4,12.2,45.9,39.3,7.5,1011,0,76,4,1,8,1.3
"1334",36.5727272656603,36.6,"2013","2","Tuesday","8",5.3,44.7,14.7,42,36.9,8.2,1012,0,76,11,1,13,1.6
"1335",36.2330480230671,36.2,"2013","2","Tuesday","9",6.5,46.2,15.9,39.5,34,5.7,1014,0,76,28,2,12,1.3
"1342",37.3668414328274,37.4,"2013","2","Tuesday","16",5.5,45.8,13.7,40,35.9,5.7,1016,0,74,6,2,4,0.8
"1354",5.63904827297919,5.7,"2013","2","Thursday","6",3.5,11,30.8,9.7,8.9,5.3,1006,4,94,0,7,208,0.7
"1355",14.5497540192726,14.5,"2013","2","Thursday","7",6.1,23.9,27.9,11.4,4.8,9.2,1006,1,93,2,7,202,1.5
"1356",35.3134283922846,35.3,"2013","2","Thursday","8",11.8,53.4,21.3,10.5,7.4,7.5,1006,1,93,12,8,228,2.2
"1363",27.3079708233376,27.2,"2013","2","Thursday","15",5.8,36.2,19.2,12.5,7.8,9.3,1009,0,60,77,11,282,1.6
"1372",17.4779866544265,17.5,"2013","2","Friday","13",3.6,23,38.5,14.4,6.5,14,1018,0,54,66,11,285,1.7
"1373",22.8830026745974,23,"2013","2","Friday","14",1.9,25.8,36.9,15.3,5.6,13.6,1018,1,52,55,10,290,1.5
"1374",28.6044320195986,28.6,"2013","2","Friday","15",2.8,32.9,32.6,16.1,8,13.4,1019,0,53,33,10,288,1.3
"1381",26.2019313328534,26.2,"2013","3","Monday","11",13.3,46.6,30.3,45.4,29.9,7.9,1013,3,67,51,6,88,2.7
"1382",29.0029185540486,29,"2013","3","Monday","12",17.8,56.3,28.2,44.9,30.2,6.5,1011,0,66,49,7,78,2.2
"1386",53.5778509309875,53.7,"2013","3","Monday","16",17.1,79.8,12.4,46.6,32.4,6.7,1008,0,68,28,6,86,1.9
"1388",56.2952858434084,56.3,"2013","3","Tuesday","7",87,189.7,1.5,51.6,32.8,10,1004,0,93,22,1,98,0.3
"1389",64.6464765309769,64.8,"2013","3","Tuesday","8",81.1,189,2.7,54.6,35.9,6.6,1004,0,92,39,6,96,0.4
"1391",67.0384970532261,67.1,"2013","3","Tuesday","10",67.8,171,7.6,63.7,41.6,7.4,1003,0,70,50,11,226,0.9
"1393",13.0660655548324,13.1,"2013","3","Tuesday","12",4,19.2,59.1,26.8,13.7,6.7,1002,0,53,55,16,205,1
"1394",13.0464643433408,13.1,"2013","3","Tuesday","13",3.1,17.8,61.8,24.3,13.9,6.1,1001,0,45,59,17,148,1.5
"1396",16.0196042630953,15.9,"2013","3","Tuesday","15",3.9,22,64.9,23.5,12.8,7.5,1001,0,48,36,16,135,1.6
"1401",57.8992706007326,57.9,"2013","3","Wednesday","9",70.5,166,4.3,69.4,48.3,13,1000,0,80,85,9,73,1.1
"1403",48.1811453915953,48.1,"2013","3","Wednesday","11",36.6,104.3,11,60.6,43.8,13.7,999,1,72,144,11,87,1.6
"1404",55.1682199672488,55.1,"2013","3","Wednesday","12",37,111.9,14.1,54.9,39.4,12.4,999,0,63,133,13,75,1.5
"1407",60.8969174616272,60.8,"2013","3","Wednesday","15",15,83.9,12.2,60.3,34.9,13.9,998,0,59,63,13,92,1.8
"1415",66.1846908195283,66.2,"2013","3","Thursday","12",71.1,175.2,3.1,55.8,42,10.5,995,2,90,88,9,86,1.2
"1424",45.9074287051435,45.9,"2013","3","Friday","10",64.5,144.8,1.5,33.6,27.6,9.3,995,3,100,37,8,67,0.8
"1427",39.9339273592517,40,"2013","3","Friday","13",33.7,91.6,1.4,24.4,16.9,9.4,996,3,100,41,9,34,0.4
"1432",67.6693073775229,67.7,"2013","3","Monday","7",61,161.2,2.2,23.5,18.4,8,988,0,100,27,0,52,0.4
"1434",67.3155869419759,67.4,"2013","3","Monday","9",70.1,174.8,5,32,19.8,8.1,988,5,100,110,4,98,0.8
"1437",11.6149505380334,11.6,"2013","3","Monday","12",4.1,17.9,54.4,20.5,14.8,7.5,988,0,81,124,7,94,1.7
"1438",14.8100287736058,14.8,"2013","3","Monday","13",4.1,21.1,54.3,23.1,9.3,7.5,988,1,72,126,8,99,1.7
"1443",29.6486754733217,29.6,"2013","3","Tuesday","7",4.6,36.7,19.7,33,25.5,5.4,995,0,89,26,4,88,0.4
"1444",42.5521975904098,42.6,"2013","3","Tuesday","8",19.4,72.3,7,45.4,29.5,7.9,996,0,89,45,4,77,0.3
"1445",47.71416409826,47.8,"2013","3","Tuesday","9",20.6,79.3,7.5,42.5,29.9,4.8,996,0,86,123,5,111,0.6
"1449",28.3768424282694,28.4,"2013","3","Tuesday","13",8.1,40.8,37.7,24.8,13.9,6.8,997,0,61,72,8,136,0.8
"1456",17.7860972717267,17.8,"2013","3","Wednesday","9",4.9,25.3,37.6,24.7,18.5,6.6,1002,1,72,135,6,36,1.3
"1457",18.6695500427263,18.7,"2013","3","Wednesday","10",5.3,26.8,33,30.6,17.5,4.7,1003,0,68,37,7,342,1.1
"1463",18.919616487867,18.9,"2013","3","Wednesday","16",2.4,22.6,31.6,44.8,34.3,5.4,1009,0,84,11,4,2,1.5
"1469",21.5431470715257,21.5,"2013","3","Thursday","11",4.6,28.6,48.5,28.8,17.5,8.4,1015,0,68,163,6,107,2.3
"1471",22.53734368863,22.6,"2013","3","Thursday","13",4.8,29.9,49.6,29.8,20.3,6.5,1015,0,67,134,6,92,2.3
"1474",21.8162662492728,21.9,"2013","3","Thursday","16",2.4,25.5,65.7,26.1,17.2,7.9,1014,0,65,60,5,90,2.7
"1475",18.627620633159,18.7,"2013","3","Friday","6",2,21.7,42.2,47.3,32,5,1010,0,73,7,3,91,3.3
"1477",28.8425326042571,28.8,"2013","3","Friday","8",4.6,35.9,34.9,42.9,30.1,7.6,1010,0,73,47,3,94,3.3
"1479",32.0833059176563,32.2,"2013","3","Friday","10",12.4,51.1,31.4,49.6,35.6,8.9,1009,0,74,140,4,89,3.1
"1480",33.2792371394722,33.3,"2013","3","Friday","11",11.1,50.3,31.6,46.3,37.1,7.7,1008,0,75,181,4,92,3.8
"1484",36.5340173524031,36.5,"2013","3","Friday","15",7.8,48.5,29.1,61.4,39,9.1,1007,0,73,84,5,83,3.1
"1488",16.2663876963198,16.2,"2013","3","Monday","8",2.3,19.8,61.9,30.8,21.2,5.3,1013,0,66,64,1,38,2.7
"1493",15.1183232220712,15.1,"2013","3","Monday","13",2.2,18.5,66.5,41.4,27.1,6.1,1013,0,68,64,1,42,2.7
"1495",13.3732465760685,13.3,"2013","3","Monday","15",1.9,16.3,72,44.7,22,5.5,1012,0,64,50,1,35,2.9
"1498",15.6891323739299,15.8,"2013","3","Tuesday","7",1.5,18,70.8,39.3,21.5,5.8,1012,0,65,46,1,39,2.6
"1502",12.8724349440261,12.9,"2013","3","Tuesday","11",2.1,16.1,70.9,31.3,22.4,4.6,1012,0,62,92,1,42,2.5
"1503",11.4787370451022,11.5,"2013","3","Tuesday","12",1.9,14.4,73.4,30.9,21.9,7.2,1012,0,61,129,1,50,2.3
"1504",10.5253561428271,10.5,"2013","3","Tuesday","13",2,13.6,75.7,29.5,21.1,5.3,1012,0,60,95,1,50,2.5
"1505",26.2862209173189,26.3,"2013","3","Tuesday","14",19.7,56.5,64.7,34.2,25.5,7.3,1012,0,61,103,1,60,2.2
"1511",18.159677357655,18.1,"2013","3","Wednesday","9",4,24.3,57.1,43.9,31.7,5.1,1010,0,64,111,2,47,2.1
"1512",16.1949891239862,16.2,"2013","3","Wednesday","10",4.3,22.8,62.7,50.7,29,8.4,1010,0,60,141,3,52,2.1
"1513",16.1428195793371,16.1,"2013","3","Wednesday","11",2.9,20.6,68.1,43.2,25.8,6.5,1010,0,57,147,3,65,1.9
"1518",16.8266179459207,16.8,"2013","3","Wednesday","16",2,19.9,51.4,31.9,23.5,6.5,1010,0,56,21,3,43,1.8
"1520",42.6823082089879,42.7,"2013","3","Thursday","7",7.9,54.8,22.7,41.6,25,3.9,1009,0,82,90,2,12,0.8
"1521",34.7988068667287,34.9,"2013","3","Thursday","8",8.8,48.3,32.3,51,30.4,5.2,1010,1,67,156,4,25,1.7
"1527",14.0716312085326,14,"2013","3","Thursday","14",3.6,19.6,73,27.9,17.1,5.2,1011,1,49,118,5,24,1.8
"1530",11.4731294002264,11.4,"2013","3","Friday","6",0.6,12.4,69.7,22.5,11.9,-0.7,1010,0,73,20,1,348,1.4
"1533",4.73547758622632,4.8,"2013","3","Friday","9",1.8,7.5,81.4,16.1,12.8,1.3,1009,0,59,168,4,37,2.4
"1535",1.74255265068861,1.8,"2013","3","Friday","11",1.4,3.9,87.7,22.2,8.9,1.3,1009,0,49,133,5,61,1.9
"1538",8.88733812584521,8.9,"2013","3","Friday","14",1.7,11.5,85.8,16.2,11.5,0,1008,0,54,86,4,89,1.8
"1540",8.14977844443551,8.2,"2013","3","Friday","16",1.4,10.3,89.6,14.7,13,2,1007,0,59,41,4,80,1.9
"1550",2.16759925481008,2.2,"2013","4","Monday","15",0.6,3.1,102.1,25.4,8.1,0,1010,0,50,89,5,69,2.7
"1563",25.2831834506878,25.4,"2013","4","Wednesday","6",1.9,28.2,42.1,28,17.3,-1.9,1016,0,84,28,1,3,2
"1568",7.66134982254867,7.6,"2013","4","Wednesday","11",1,9.2,84.4,22.4,18.3,-1.3,1016,0,54,96,4,34,2.8
"1571",8.8183255134857,8.9,"2013","4","Wednesday","14",0.7,9.9,85.7,29.5,19.2,0.6,1016,0,56,72,3,34,3.2
"1576",16.5127303981761,16.5,"2013","4","Thursday","8",0.9,17.9,72.6,36,22,0,1013,0,70,49,2,31,2.9
"1578",13.2105339449532,13.2,"2013","4","Thursday","10",0.9,14.6,74.7,39.8,21.5,-1.3,1013,0,70,44,2,20,2.3
"1579",14.6632651522806,14.7,"2013","4","Thursday","11",1,16.2,71.6,32,21.5,1.3,1012,0,82,36,2,0,1.9
"1580",15.8387073196217,15.8,"2013","4","Thursday","12",1.8,18.6,71.5,23.5,16.6,-3.2,1012,0,82,127,3,3,2.1
"1584",16.2240707038214,16.1,"2013","4","Thursday","16",0.7,17.3,68.5,22.3,11.3,-1.3,1012,1,90,17,2,24,2.4
"1593",6.71192625467977,6.6,"2013","4","Friday","14",1.1,8.4,84.1,8.4,12.6,1.3,1014,0,42,146,8,36,2.7
"1595",7.47284395148239,7.4,"2013","4","Friday","16",0.6,8.4,88.4,15.3,9.7,1.3,1015,0,40,88,7,38,2.4
"1597",36.6834135746272,36.7,"2013","4","Monday","7",3.4,41.9,44.6,39.7,25.1,-2.6,1005,0,73,103,5,88,2
"1598",33.781576355488,33.7,"2013","4","Monday","8",15.4,57.4,49,37.1,21.2,-3.9,1005,0,67,174,6,82,2.4
"1601",30.1453865249552,30.2,"2013","4","Monday","11",7.4,41.5,49.3,42.6,21.9,3.2,1003,0,56,220,8,89,2.5
"1603",20.149152915426,20.1,"2013","4","Monday","13",4.4,26.9,72,33.1,22,2.6,1003,0,52,185,9,94,2.5
"1604",16.3656525672086,16.4,"2013","4","Monday","14",2.5,20.2,82.2,26.8,24.1,0,1002,0,49,130,9,87,2.6
"1607",55.7187103548237,55.7,"2013","4","Tuesday","6",27.9,98.5,2.9,58.3,38.9,-4.5,994,0,90,32,4,61,1.4
"1609",42.4666239272793,42.5,"2013","4","Tuesday","8",14.7,65,12.5,57.7,52.3,-3.9,994,3,88,47,6,86,1.6
"1612",30.4318362493467,30.3,"2013","4","Tuesday","11",8.2,43,39,27.2,24.7,-2.6,994,0,79,168,8,83,2
"1616",30.6290009340027,30.6,"2013","4","Tuesday","15",5.2,38.6,43.2,27.6,20.6,-3.9,995,0,76,76,8,97,2.2
"1618",25.6046517522548,25.6,"2013","4","Wednesday","6",1.3,27.6,33.5,62.7,45.1,0,1004,0,86,14,4,309,0.4
"1620",45.6574023236181,45.7,"2013","4","Wednesday","8",14.7,68.2,18.7,74,52.6,2.6,1005,0,81,150,5,297,0.6
"1628",19.9741013901537,20,"2013","4","Wednesday","16",2.3,23.5,56.1,39.4,29.7,1.9,1001,0,63,79,11,133,1.8
"1629",32.8675851501081,32.9,"2013","4","Thursday","6",1.2,34.7,29.8,22.6,19.4,0,994,1,100,8,6,34,1.4
"1632",20.2997015936037,20.3,"2013","4","Thursday","9",1.7,22.9,46.9,18.9,15.4,-1.3,997,0,100,38,6,63,0.3
"1633",21.3922122938425,21.4,"2013","4","Thursday","10",1.9,24.3,45.4,19.7,14.4,1.3,997,1,100,62,6,86,0.3
"1636",29.3272366648167,29.4,"2013","4","Thursday","13",6.9,39.9,36.2,28.9,23.5,0,997,0,100,91,7,113,1.1
"1639",46.1090126548043,46.1,"2013","4","Thursday","16",8.8,59.6,20.5,47.6,31.4,1.3,996,0,85,97,9,55,1.3
"1641",13.0343164080641,13,"2013","4","Friday","7",2.2,16.4,57.9,9.3,8.4,0.6,991,0,94,51,9,208,0.7
"1642",9.5848062487349,9.6,"2013","4","Friday","8",2.1,12.8,67.7,13.2,8.7,0.6,991,0,89,85,9,206,1.8
"1643",9.46982126819238,9.4,"2013","4","Friday","9",2.5,13.3,69.9,12,5.8,0,991,0,82,111,10,212,2.6
"1646",17.61649754983,17.7,"2013","4","Friday","12",4.1,23.9,56.6,18.7,9.3,-0.6,993,2,82,86,11,249,2.7
"1649",34.3907921734623,34.3,"2013","4","Friday","15",4.9,41.9,37.3,14.3,9.7,0.6,997,0,67,117,12,245,2.1
"1650",39.7795722410391,39.8,"2013","4","Friday","16",6.8,50.2,31.4,12.1,11,3.2,998,0,64,81,13,242,2.1
"1653",8.60745601691669,8.7,"2013","4","Monday","8",2.6,12.6,79,37.7,11.5,6.4,1016,0,62,280,15,219,3.7
"1659",6.72478554897379,6.6,"2013","4","Monday","14",2.2,10.1,78.5,24.4,8,1.9,1016,1,54,176,17,212,3.3
"1662",8.99502839831448,9.1,"2013","4","Tuesday","6",1.7,11.6,62.7,18.9,6.8,3.9,1012,0,84,13,11,206,2.3
"1670",10.8018549664116,10.9,"2013","4","Tuesday","14",4.5,17.7,78.9,17.6,11.3,3.4,1014,0,44,124,18,216,3.7
"1673",16.7019628654427,16.7,"2013","4","Wednesday","6",3.2,21.6,29.7,7,5.1,0,1015,0,90,19,12,207,0.6
"1674",13.6031286215682,13.7,"2013","4","Wednesday","7",3.2,18.5,34.7,6.6,6.3,3.9,1015,0,89,30,13,201,1.1
"1681",5.4303777339001,5.5,"2013","4","Wednesday","14",2.2,8.8,66.2,22.2,15.5,1.9,1010,0,54,173,18,206,2.8
"1688",4.09189270519438,4.1,"2013","4","Thursday","10",1.5,6.4,82.8,24.9,2.3,6.4,1011,0,51,240,14,218,4.3
"1696",30.7305850977464,30.7,"2013","4","Friday","7",3.7,36.4,38,9.1,6.5,5.1,1022,0,71,128,10,287,2
"1698",11.5198060378286,11.5,"2013","4","Friday","9",5.4,19.8,60.9,9.4,4.9,5.8,1024,1,58,122,11,300,2.2
"1701",12.7931091101647,12.8,"2013","4","Friday","12",1.7,15.4,59.7,13.1,8.2,6.4,1025,0,53,132,12,311,1.7
"1702",15.0122659393426,15,"2013","4","Friday","13",2.6,19,58.5,14.7,6.7,5.1,1026,0,52,215,13,319,1.6
"1703",14.4860591308864,14.5,"2013","4","Friday","14",1.9,17.4,57.3,18,9.7,6,1026,1,54,146,13,330,2
"1705",9.54672378696824,9.6,"2013","4","Friday","16",1.6,12,60.4,16.2,9.6,6.4,1027,0,55,119,13,2,1.9
"1714",12.5473948334397,12.6,"2013","4","Monday","14",2.9,17,70.9,29.8,9.2,6.4,1013,0,45,155,16,217,2.8
"1716",13.2748682743116,13.3,"2013","4","Monday","16",2.3,16.8,67.5,17.5,11.7,1.9,1013,0,55,56,14,225,3.2
"1717",28.3946755370885,28.4,"2013","4","Tuesday","6",7.9,40.5,19.3,13.1,10.1,1.3,1016,0,81,135,13,263,1.6
"1720",27.2866821076265,27.2,"2013","4","Tuesday","9",10.9,44,33,26.6,12.3,1.9,1018,0,52,585,17,260,1.5
"1726",13.573907939659,13.6,"2013","4","Tuesday","15",2.3,17.1,42.6,25,10.6,-1.3,1018,1,40,72,22,262,2.1
"1729",19.9579502327065,19.9,"2013","4","Wednesday","7",8.9,33.6,23.4,23.5,15.1,3.2,1022,0,70,297,15,217,2.8
"1730",16.5839638467074,16.6,"2013","4","Wednesday","8",15.6,40.5,25.8,19.5,9.8,0.6,1022,0,66,297,17,232,2.6
"1732",12.7832032544568,12.7,"2013","4","Wednesday","10",6.6,22.9,29.5,25.2,13.1,0.6,1022,0,59,184,19,213,2.5
"1733",17.7525406052206,17.8,"2013","4","Wednesday","11",10.6,34,31,24.9,17,-1.3,1021,1,53,354,21,224,2.5
"1741",24.6732680021827,24.7,"2013","4","Thursday","8",13,44.6,19.4,26.1,18.2,1.3,1020,1,73,254,16,214,1.6
"1742",22.8061143768062,22.8,"2013","4","Thursday","9",9,36.6,34.5,20.7,12.9,1.9,1020,0,61,585,19,225,2.4
"1744",10.4276615874928,10.4,"2013","4","Thursday","11",2.4,14.1,59,31.7,23.5,0.6,1018,0,54,531,23,207,2.1
"1747",12.1569035001937,12.1,"2013","4","Thursday","14",1.4,14.3,92.2,28.4,14.3,0,1016,0,42,156,25,213,3.3
"1750",24.2724215787173,24.3,"2013","4","Friday","6",1,25.8,36.5,7.9,5.8,1.3,1014,8,92,15,7,323,1
"1767",8.05591863220659,8,"2013","4","Monday","12",2.7,12.2,68.4,25.3,11.7,0,1015,0,39,292,16,257,2.4
"1771",9.94618591596638,10,"2013","4","Monday","16",1.6,12.4,69.7,9.2,7.3,2.6,1016,0,35,177,15,273,2
"1772",28.4486060586413,28.4,"2013","4","Tuesday","6",4.6,35.5,36.4,18.3,12.2,2.6,1023,0,68,206,10,328,1.6
"1775",9.99017675129708,10,"2013","4","Tuesday","9",3.2,14.9,55,22.4,11.2,5.8,1024,0,49,644,13,20,1.4
"1777",3.84602066168582,3.8,"2013","4","Tuesday","11",1.6,6.3,62.5,14.2,10.8,2.6,1023,0,42,662,14,356,1.6
"1778",2.93818710112322,3,"2013","4","Tuesday","12",1.8,5.7,66.3,12.8,6.8,1.9,1023,0,40,468,15,14,1.8
"1780",6.64051663369271,6.7,"2013","4","Tuesday","14",1.8,9.4,66.7,18,12.9,0,1022,0,50,144,14,68,1.8
"1782",10.8775536856874,10.8,"2013","4","Tuesday","16",2.1,14.1,67.1,24.1,9.5,1.3,1023,0,64,178,12,92,2.6
"1783",25.7806180735149,25.8,"2013","5","Wednesday","6",2.1,29,36.9,29.3,15.9,0,1024,0,92,127,6,33,1.2
"1790",6.36987863818315,6.4,"2013","5","Wednesday","13",2.5,10.2,72.9,12.7,15,1.3,1020,0,35,130,17,18,1.2
"1791",14.420461667428,14.5,"2013","5","Wednesday","14",11.4,31.9,70.7,17.9,12.6,2.6,1020,1,38,65,17,78,1.6
"1794",33.5651087497998,33.6,"2013","5","Thursday","6",5.5,42,36.4,10.9,5.2,2.6,1022,0,47,274,11,347,1.6
"1803",14.2838765390944,14.2,"2013","5","Thursday","15",3.4,19.5,74,25.2,12.1,0,1020,0,46,62,15,92,2.3
"1806",53.4939873777537,53.5,"2013","5","Friday","7",16.7,79.1,32,28.1,16.8,0.6,1019,0,47,378,15,246,1
"1813",11.5154184286623,11.6,"2013","5","Friday","14",2.6,15.5,93.1,18.4,12,-1.9,1015,0,26,60,23,225,2
"1814",9.85787233474505,9.8,"2013","5","Friday","15",1.4,12,87.8,17.3,15.1,-0.6,1015,0,28,60,23,248,2
"1817",21.4781979115597,21.4,"2013","5","Monday","7",5.3,29.6,33.6,24.6,15.8,-0.7,1019,0,56,382,19,286,0.4
"1819",14.7337912361242,14.6,"2013","5","Monday","9",3.7,20.4,54.8,19.6,17,0.7,1019,0,51,548,20,103,0.8
"1821",17.2032866131347,17.3,"2013","5","Monday","11",3,21.8,58.5,24.6,15.5,0,1018,0,50,224,19,210,0.7
"1824",5.05953046773221,5.1,"2013","5","Monday","14",1.2,6.9,79.2,20.1,5.1,-2,1016,0,48,355,20,144,1.2
"1828",52.4324727309485,52.4,"2013","5","Tuesday","7",18.7,81.1,29.1,28.5,19.1,-0.7,1016,0,68,271,15,113,1.5
"1837",43.5086988886854,43.6,"2013","5","Tuesday","16",4.3,50.1,46.8,23.3,13.9,1.4,1012,0,37,263,19,84,1.4
"1840",21.2652235373506,21.2,"2013","5","Wednesday","8",4.4,28,24,9.8,7.4,-7.5,1004,0,94,148,15,202,0.6
"1842",12.754419298129,12.7,"2013","5","Wednesday","10",3.1,17.5,41.6,13.8,4.8,-2.3,1004,1,88,213,16,208,2.3
"1843",11.1694419774441,11.2,"2013","5","Wednesday","11",2.7,15.3,46.5,7.7,6.6,-6.2,1004,0,71,412,18,220,2.6
"1844",9.48094181948857,9.4,"2013","5","Wednesday","12",2.3,13,54.4,8.7,5.8,-3.6,1004,1,63,263,19,211,2.9
"1847",8.71349528202894,8.7,"2013","5","Wednesday","15",2.8,13,60,9.3,6.5,-2.9,1003,0,59,372,19,209,3
"1848",13.5728762814129,13.5,"2013","5","Wednesday","16",2.5,17.4,58.3,10.6,6.9,0.4,1003,0,60,167,18,215,3
"1849",12.3937865058797,12.5,"2013","5","Thursday","6",3.2,17.3,56.3,21.3,9,-4.6,1009,0,73,258,12,204,1.8
"1850",12.182640438262,12.2,"2013","5","Thursday","7",3.6,17.7,60.8,17.2,12.1,-2.7,1009,0,63,306,13,210,2.3
"1856",0.538878238192955,0.6,"2013","5","Thursday","13",1.8,3.3,78,21.1,10.8,0,1006,0,45,386,17,207,4.8
"1872",12.0222176973537,12.1,"2013","5","Monday","7",2.4,15.7,55,14,7.3,9,1011,0,66,305,13,252,2.5
"1873",8.57301028447005,8.6,"2013","5","Monday","8",2.3,12.1,65.2,18.5,9.3,11,1011,0,52,290,15,242,2.7
"1875",8.63679326854347,8.6,"2013","5","Monday","10",3.3,13.7,73.6,17.1,6.1,11,1010,0,43,285,15,250,2.7
"1876",6.49406052707362,6.6,"2013","5","Monday","11",1.7,9.1,74.3,15,11.2,9.7,1010,0,45,318,15,248,2.6
"1877",11.2171208878342,11.2,"2013","5","Monday","12",3.9,17.2,75.6,24.2,10.4,7.8,1009,0,45,294,16,239,2.9
"1878",8.24656030578205,8.3,"2013","5","Monday","13",3.1,13,75.9,19.1,11.2,10.4,1009,0,46,326,16,242,2.7
"1880",7.66310597703136,7.6,"2013","5","Monday","15",2.5,11.5,78.8,18.4,4.9,7.8,1008,0,40,329,17,236,3.5
"1881",8.08743293995342,8.1,"2013","5","Monday","16",1.9,11,76,13.6,9.1,7.8,1008,0,47,63,15,233,3.3
"1882",16.8541972331133,16.9,"2013","5","Tuesday","6",4.4,23.6,48,17,7.3,8,1006,0,76,133,10,216,2.1
"1883",16.2868011149278,16.3,"2013","5","Tuesday","7",4.9,23.8,49.7,19.1,9.2,8,1005,0,65,281,12,219,2
"1886",7.32100247501614,7.3,"2013","5","Tuesday","10",2.4,11,64.5,15,6.8,5.5,1003,0,65,209,13,206,1.6
"1889",6.02542833701479,6.1,"2013","5","Tuesday","13",3.9,12,75,7.1,6.1,6.2,1001,0,79,164,11,199,1.1
"1892",8.41756805637701,8.4,"2013","5","Tuesday","16",1.1,10.1,64.1,13.1,8.1,4.3,998,1,84,44,10,136,1
"1894",13.215801473316,13.3,"2013","5","Wednesday","7",4.1,19.5,55,6.8,2.7,10.3,989,0,74,116,10,208,3.5
"1899",11.0615355412807,11,"2013","5","Wednesday","12",4.2,17.5,53.7,9.9,3.7,7.1,994,1,67,150,12,227,3.1
"1903",9.23198897024904,9.3,"2013","5","Wednesday","16",2,12.3,68.3,16.3,6.5,5.2,996,0,49,264,15,235,1.7
"1904",31.8856231857486,31.9,"2013","5","Thursday","6",23.1,67.3,9.5,16.1,11.5,10,999,0,92,137,8,161,0.2
"1908",5.38104048630342,5.5,"2013","5","Thursday","10",2.1,8.6,69.8,14.6,8.4,8.1,997,0,57,338,14,136,0.9
"1910",4.34244628358675,4.3,"2013","5","Thursday","12",1.8,7.1,75.7,11.2,9.9,7.5,997,0,49,570,15,126,1.7
"1914",27.5888744835475,27.7,"2013","5","Thursday","16",1.9,30.5,59.7,22.8,13.8,7.5,996,0,64,95,13,84,1.6
"1916",26.3783887912481,26.3,"2013","5","Friday","7",3.8,32.2,41.9,14.6,10.5,7.7,1003,0,80,103,10,19,1.2
"1918",8.98381446499945,9,"2013","5","Friday","9",2.1,12.2,63.7,10.8,8.7,7.7,1004,0,64,160,13,2,1.3
"1921",9.31827861824187,9.3,"2013","5","Friday","12",1.1,11,65.9,8.9,9.4,7.8,1005,0,67,165,12,352,1.7
"1934",18.7038560167804,18.8,"2013","5","Monday","14",1.7,21.3,43.7,29.2,25.8,3.6,1009,0,80,116,16,329,1.5
"1948",35.7969091333143,35.8,"2013","5","Wednesday","6",1.7,38.4,25.5,18,11.7,9.3,1017,0,74,31,10,281,0.5
"1949",28.9901446944096,29,"2013","5","Wednesday","7",1.9,31.9,31.5,25,16.6,10.6,1017,0,75,48,11,324,0.6
"1953",27.4532652491347,27.5,"2013","5","Wednesday","11",4.6,34.5,28.7,23.6,18.9,8.7,1017,0,71,106,14,268,1.2
"1955",26.9294197906279,26.9,"2013","5","Wednesday","13",8.2,39.5,34.2,23.3,12.7,7.4,1017,0,68,79,14,289,1.2
"1960",18.1268539799465,18.1,"2013","5","Thursday","7",3.7,23.8,44.4,13.4,8.5,11.5,1011,0,61,432,10,306,1.2
"1962",10.281765455522,10.4,"2013","5","Thursday","9",2.1,13.5,52.3,10.2,9.6,7.1,1011,1,61,269,10,308,1.4
"1965",10.3305198485378,10.4,"2013","5","Thursday","12",2,13.4,27,10.5,4.4,5.8,1010,0,45,366,12,309,1.5
"1972",20.3950834893774,20.4,"2013","5","Friday","8",4.7,27.6,24.5,12.1,4.5,4.8,1005,1,83,89,8,253,1.8
"1975",24.0238817844511,23.9,"2013","5","Friday","11",6.9,34.6,18.8,11.3,6.4,4.9,1003,5,86,110,8,238,1.6
"1981",9.59538287074826,9.6,"2013","5","Monday","6",1.7,12.2,66.9,21.5,15.8,7.9,1009,0,57,340,14,225,1.9
"1983",3.21285800740445,3.3,"2013","5","Monday","8",1.1,4.9,82.6,13.9,3.3,9.2,1008,0,43,489,19,212,2.3
"1984",2.36177226235508,2.4,"2013","5","Monday","9",1.2,4.2,86,17.9,10.8,4.7,1007,0,44,644,19,214,2.5
"1986",2.71564031224252,2.8,"2013","5","Monday","11",1.1,4.4,93.4,18.8,11.5,6.7,1006,0,43,767,20,209,2.9
"1988",2.26640117985584,2.3,"2013","5","Monday","13",1,3.8,98.4,16,6.8,3.5,1005,0,40,731,19,209,2.6
"1994",29.6568428634449,29.7,"2013","5","Tuesday","8",3.1,34.4,44.4,24.5,21.6,1.8,998,0,94,126,11,85,1.3
"1996",31.4549888959974,31.5,"2013","5","Tuesday","10",3.1,36.2,43,22.9,18.1,-2.1,997,2,86,119,12,81,1.2
"1998",36.2754348527402,36.3,"2013","5","Tuesday","12",4,42.4,32.5,26.3,20.6,-2,996,8,88,55,12,127,0.7
"1999",19.4828047161652,19.4,"2013","5","Tuesday","13",2.3,23,37.1,10.9,10,-0.1,997,18,93,44,11,132,0.3
"2001",17.2833246038145,17.3,"2013","5","Tuesday","15",2.3,20.8,50.9,8.3,9,1.3,997,1,93,115,11,134,1
"2010",20.7942178197415,20.9,"2013","5","Wednesday","13",1.9,23.7,38.2,20.3,15.2,4.2,1003,0,87,89,12,291,0.8
"2012",27.5013544679411,27.5,"2013","5","Wednesday","15",1.7,30.1,32.2,21.8,16.3,2.3,1003,0,84,37,13,288,0.7
"2016",17.0015376728077,17.1,"2013","5","Thursday","8",1.7,19.6,32.1,14.9,9.1,4.5,1007,1,95,45,12,339,1.2
"2017",14.4232086967971,14.4,"2013","5","Thursday","9",1.1,16.1,36.2,10.8,9.4,4.5,1007,0,94,94,12,346,1.2
"2018",13.9584041244494,14,"2013","5","Thursday","10",1.6,16.4,42,13.5,15.5,1.9,1008,1,90,158,13,343,1.3
"2029",14.2237682697432,14.3,"2013","5","Friday","10",2.6,18.2,57.1,31.2,29.9,4.3,1017,0,75,276,16,320,1
"2030",10.8453426840549,10.8,"2013","5","Friday","11",2,13.9,60.2,27.6,29.7,4.7,1016,0,65,620,19,337,1.3
"2034",5.93660931729308,6,"2013","5","Friday","15",0.7,7,89.8,15.8,17.1,2.4,1016,0,51,450,22,346,1.3
"2036",32.4480870310554,32.4,"2013","8","Monday","6",9.3,46.7,14,14.1,8.8,3.9,1015,0,71,145,17,246,1.1
"2038",31.1361354121426,31.1,"2013","8","Monday","8",11.2,48.3,23.1,10.8,8.2,4.6,1017,0,54,324,22,267,0.8
"2040",7.88737567559193,7.9,"2013","8","Monday","10",2.1,11.1,49.5,8.4,8.8,6.6,1018,0,39,158,23,282,1
"2043",8.34030238056103,8.2,"2013","8","Monday","13",2,11.4,57.3,7.8,6.1,5.4,1019,0,35,162,25,300,0.9
"2052",4.08243752362051,4.2,"2013","8","Tuesday","11",2.3,7.6,61.2,7.7,11.3,5.3,1026,0,37,491,24,221,0.5
"2054",6.25577397168755,6.1,"2013","8","Tuesday","13",1.6,8.7,65.9,9.6,11.6,3.3,1026,0,36,95,25,254,0.8
"2055",7.75240025877667,7.7,"2013","8","Tuesday","14",4.6,14.8,73.2,12.1,4.9,4.7,1025,0,31,93,28,278,0.6
"2057",5.89337172939863,6,"2013","8","Tuesday","16",1.9,8.8,89.3,16,10.9,4.7,1024,0,33,58,27,207,0.8
"2058",31.1204102422519,31.1,"2013","8","Wednesday","6",8.8,44.6,9.9,11.8,13,3.1,1023,0,87,82,16,242,0.5
"2059",29.9533254882778,30,"2013","8","Wednesday","7",12.3,48.8,19.7,12.1,13.6,3.8,1023,0,70,252,20,228,0.8
"2064",6.2114137327426,6.2,"2013","8","Wednesday","12",1.5,8.5,79.4,16.7,16.3,3.2,1021,0,40,258,28,229,1.1
"2065",5.80791115153443,5.8,"2013","8","Wednesday","13",1.5,8.1,90.3,12.4,6.4,2.6,1021,0,35,87,29,213,1.2
"2068",15.9369040080043,15.9,"2013","8","Wednesday","16",2.2,19.3,89.1,18.8,15.9,2.7,1019,0,37,75,28,219,1.6
"2076",34.2234642445922,34.2,"2013","8","Thursday","13",17.8,61.5,6.7,15.7,14.8,-1.4,1018,0,99,106,18,72,0.3
"2077",28.123084105124,28.1,"2013","8","Thursday","14",13.3,48.5,8.2,17.5,14.3,0.6,1018,1,100,109,19,63,0.4
"2079",32.9824863697897,33,"2013","8","Thursday","16",11.5,50.6,8.8,20.7,16.7,-1.3,1017,0,100,95,18,46,1
"2082",24.6057958972123,24.7,"2013","8","Friday","8",7.7,36.4,26.1,38.7,31.6,-0.3,1014,0,80,258,20,105,1.6
"2084",17.3682033639144,17.4,"2013","8","Friday","10",2.9,21.8,74.4,37.2,37,3.6,1013,0,65,221,23,113,2.1
"2086",11.971266504023,12,"2013","8","Friday","12",1.2,13.8,131.2,36.3,29.6,6.9,1012,0,62,218,24,128,2.4
"2090",42.7619262741608,42.8,"2013","8","Friday","16",1.6,45.2,82.1,57.9,52.5,0.5,1011,0,69,67,22,58,1.2
"2091",13.3030350956805,13.3,"2013","9","Monday","6",64.7,112.5,0.8,23.9,18.9,9.9,1025,0,96,4,15,104,0.4
"2096",9.12529983274572,9.2,"2013","9","Monday","11",4.1,15.4,24.9,12.6,13.3,8.9,1024,0,78,48,18,248,0.5
"2098",6.62360639645277,6.6,"2013","9","Monday","13",2.6,10.6,27.1,13.4,10.8,9.7,1023,0,71,64,20,217,0.7
"2101",16.291109916388,16.3,"2013","9","Monday","16",3.6,21.8,22.7,16.9,15,6.6,1021,0,73,13,19,90,0.6
"2103",41.376781234488,41.4,"2013","9","Tuesday","7",92.5,183.2,1.1,21.9,20,13,1016,0,97,19,12,83,0.4
"2114",47.4274286703022,47.4,"2013","9","Wednesday","7",32.6,97.4,2.6,59.7,52.2,11.2,1010,0,97,22,15,88,0.4
"2116",47.4096972812135,47.4,"2013","9","Wednesday","9",28.7,91.4,6.7,67.9,62.9,12,1010,0,91,54,17,110,0.4
"2117",35.6446050483458,35.7,"2013","9","Wednesday","10",14.2,57.4,18.1,51.9,54.3,11.8,1010,0,83,57,18,128,0.4
"2120",23.2390688296633,23.4,"2013","9","Wednesday","13",5.2,31.2,38.7,43.8,38.1,10.8,1009,0,67,56,22,224,0.7
"2121",32.0308546766162,32,"2013","9","Wednesday","14",3.9,38,15.5,43.7,34.8,5.2,1008,0,61,51,23,223,0.5
"2123",63.4037661683266,63.4,"2013","9","Wednesday","16",10.9,80.1,7.9,39,40.2,8.7,1008,0,66,25,21,355,0.5
"2124",21.2047240309209,21.3,"2013","9","Thursday","6",1.7,23.8,12.6,21.9,20.6,14.2,1015,0,88,10,14,42,1.3
"2125",21.3603239753481,21.4,"2013","9","Thursday","7",1.4,23.5,19.6,16.5,9,14.7,1015,0,84,26,14,39,1.6
"2131",8.5780503449798,8.7,"2013","9","Thursday","13",2.3,12.1,51.5,19.5,11.6,13.5,1016,0,62,62,18,79,1.6
"2134",13.3189816193304,13.3,"2013","9","Thursday","16",1.1,15,54.6,15.2,8.9,12.2,1016,0,66,15,17,89,1.3
"2136",47.4741569331122,47.3,"2013","9","Friday","7",79,168.60001,0.7,28.3,21,13.7,1016,0,92,25,12,75,0.7
"2138",11.1459081881584,11.1,"2013","9","Friday","9",3.3,16.2,36.6,18.5,13.6,12.1,1016,0,71,36,15,77,1.8
"2144",12.9254819660173,13,"2013","9","Friday","15",2.4,16.6,46,13.2,8.3,11.5,1013,0,70,27,15,66,1.6
"2145",23.4728134212322,23.5,"2013","9","Friday","16",2.5,27.3,32.6,20.4,13.4,10.7,1013,0,73,14,15,77,1.6
"2146",44.1891448208685,44.2,"2013","9","Monday","6",38.1,102.6,1.6,28.6,21.2,13.7,1004,0,92,6,13,64,0.5
"2147",42.8763418932412,42.9,"2013","9","Monday","7",56.5,129.5,3.1,32.7,25.2,12.3,1005,0,89,23,15,91,0.7
"2150",28.5665958481546,28.6,"2013","9","Monday","10",10.2,44.2,20.1,28.2,19.5,14.2,1005,0,69,27,17,63,1.5
"2151",21.6582394081055,21.6,"2013","9","Monday","11",5.9,30.7,39.4,28.5,18.4,14.5,1005,0,62,31,18,63,1.9
"2152",18.0365739674235,18,"2013","9","Monday","12",3.5,23.4,39.4,29.1,17.7,10.6,1005,0,54,23,19,70,1.9
"2155",19.8217521264644,19.8,"2013","9","Monday","15",2.6,23.8,54.4,21.4,18.5,13.2,1005,0,67,18,17,76,1.7
"2157",46.1082239473491,46.2,"2013","10","Tuesday","6",52.5,126.6,1.4,41.5,33.7,14.1,1007,0,93,8,11,53,0.7
"2165",24.9199828748131,24.8,"2013","10","Tuesday","14",4.1,31.2,38.6,28.9,21.1,12.5,1007,0,67,36,17,121,1.9
"2166",26.2343280691803,26.2,"2013","10","Tuesday","15",3.7,31.9,36.2,26.8,21.7,12.3,1008,0,69,24,16,121,1.7
"2172",18.2374774135019,18.2,"2013","10","Wednesday","10",9.7,33.1,11.1,39.3,32.8,11.1,1010,0,91,37,15,128,1.4
"2175",17.7499371592002,17.9,"2013","10","Wednesday","13",12.3,36.6,17.7,34.6,25.9,11.2,1010,0,87,25,17,124,1.3
"2177",16.0695637627546,16,"2013","10","Wednesday","15",7.2,27.1,24.1,31.5,23.3,9.5,1009,0,81,25,18,126,1.9
"2180",32.3055751914301,32.3,"2013","10","Thursday","7",31.7,80.9,2.3,26.8,22.6,12.1,1008,0,95,15,15,85,0.9
"2184",22.7949261833256,22.7,"2013","10","Thursday","11",15.4,46.4,12.2,31.7,20.5,13.2,1007,0,85,16,17,126,1.8
"2188",13.9355953339565,14,"2013","10","Thursday","15",5.4,22.2,19.7,12.7,17,10.5,1005,1,89,26,17,132,1.1
"2193",7.2315062987314,7.3,"2013","10","Friday","9",2.4,10.9,49.5,13.3,8.9,12.7,1006,0,89,38,18,206,2
"2199",10.8723796958619,10.8,"2013","10","Friday","15",2.7,15,53.1,10.7,11.2,10.2,1009,0,73,24,20,216,2.7
"2201",29.9360213580813,30,"2013","11","Monday","6",17.2,56.3,1.3,15.4,16.4,10.9,1010,0,96,0,8,203,0.4
"2202",36.1612092300883,36.2,"2013","11","Monday","7",49.4,111.9,1,17.3,16.2,12.3,1010,0,96,3,8,228,0.4
"2205",44.6194538784843,44.6,"2013","11","Monday","10",41.6,108.4,1.7,45.4,34,11.7,1009,0,97,20,9,226,0.5
"2206",42.2148028130993,42.2,"2013","11","Monday","11",40.3,104,2,41.4,34.6,12.2,1008,1,97,19,9,222,0.4
"2209",45.5505971341737,45.5,"2013","11","Monday","14",33.3,96.6,1.9,33.2,31.4,10.5,1006,0,97,7,9,234,0.6
"2210",45.2488227138452,45.2,"2013","11","Monday","15",37.8,103.2,1,27.7,23.5,11.2,1006,0,97,4,9,227,0.5
"2216",28.7517738265773,28.6,"2013","11","Tuesday","10",5.9,37.8,25.7,11.6,5,11.9,1012,0,73,18,5,300,1.2
"2224",25.2183066590246,25.3,"2013","11","Wednesday","7",3.9,31.2,37.4,10,5.4,5.9,1005,1,76,2,3,206,2.5
"2234",14.9224590911931,14.9,"2013","11","Thursday","6",0.9,16.3,27.3,10.7,7.6,5.9,996,0,84,0,6,343,1.5
"2235",15.0612131367671,15.1,"2013","11","Thursday","7",1.2,16.9,28.2,9,4.9,8.5,997,0,81,2,6,343,2.2
"2236",15.1029071490473,15.1,"2013","11","Thursday","8",1.5,17.4,29.3,9.5,8.2,5.9,999,0,82,5,6,0,2.2
"2237",19.4555946952696,19.4,"2013","11","Thursday","9",1.4,21.6,23.8,14.4,10.2,5.3,1001,0,87,9,5,26,2
"2242",10.8329268493201,10.8,"2013","11","Thursday","14",2,13.9,47.2,10.1,7.4,7.2,1005,0,63,13,8,15,2.3
"2243",21.0527606939165,21,"2013","11","Thursday","15",1.4,23.2,32.8,14,9.1,7.2,1006,0,67,6,7,8,1.5
"2245",22.300236646682,22.3,"2013","11","Friday","6",1.5,24.6,27.3,9,3.9,5.9,1014,0,84,0,4,315,0.6
"2255",26.8192713159668,26.8,"2013","11","Friday","16",0.9,28.2,34.7,12.2,6.9,9.2,1017,0,66,1,7,327,1.1
"2265",30.0464732510366,30,"2013","11","Monday","15",6.1,39.4,29.7,16.7,9.4,11.7,1036,0,72,5,7,332,0.9
"2271",59.3473717434146,59.3,"2013","11","Tuesday","10",52.6,140,3.6,25.3,19,13.6,1038,0,72,22,6,274,0.7
"2274",52.6277966627715,52.6,"2013","11","Tuesday","13",14.2,74.4,11.8,20.4,14.9,13.8,1037,0,63,22,8,300,0.7
"2277",63.5236819876431,63.5,"2013","11","Tuesday","16",9.9,78.7,4.1,22.3,19.5,11,1036,0,64,1,8,300,0.5
"2279",44.479433594292,44.5,"2013","11","Wednesday","7",32.3,94,0.7,21.7,17.7,7.1,1032,0,92,2,7,258,0.3
"2281",54.684720430892,54.7,"2013","11","Wednesday","9",110.1,223.5,1.4,37.5,30.3,6.5,1033,0,92,15,8,233,0.3
"2287",62.238204669054,62.2,"2013","11","Wednesday","15",110,230.89999,1.5,47.7,38.1,5.2,1032,0,82,5,11,192,0.4
"2288",60.1834987702088,60.2,"2013","11","Wednesday","16",156.60001,300.29999,1.5,47.8,39.4,6.5,1032,0,83,1,10,180,0.4
"2290",38.8188728851774,38.8,"2013","11","Thursday","7",43.1,104.9,0.8,29.6,21.2,3.9,1033,0,90,1,10,285,0.3
"2300",40.5312833110945,40.6,"2013","11","Friday","6",5.2,48.5,11.4,21.9,16.1,5.2,1027,0,83,0,8,223,1.8
"2306",30.3711285504404,30.4,"2013","11","Friday","12",4,36.5,35.5,10,8.1,1.9,1022,0,68,29,11,256,2.1
"2309",27.5538227188577,27.6,"2013","11","Friday","15",1.4,29.7,43.2,11.7,7.5,0.6,1021,0,58,5,10,295,1.6
"2310",30.0740916925478,30,"2013","11","Friday","16",0.8,31.3,42.6,11.3,8,1.9,1021,0,60,1,9,296,1.4
"2335",55.5707499524924,55.5,"2013","12","Wednesday","8",28,98.5,3.2,28.9,22.9,1.2,1026,0,77,7,8,235,1.3
"2337",54.6185285601011,54.6,"2013","12","Wednesday","10",31.1,102.3,2.9,29,22.4,0,1027,0,81,23,9,264,0.7
"2339",38.9499313071482,38.9,"2013","12","Wednesday","12",6.1,48.3,20.4,14.6,11,0.1,1027,0,70,28,9,305,1.3
"2342",54.2669979364564,54.3,"2013","12","Wednesday","15",8.5,67.3,13.4,12.2,6.9,0.3,1029,0,60,4,8,305,1
"2343",63.6735470458712,63.7,"2013","12","Wednesday","16",21.8,97.1,4.8,16.3,10.1,0.4,1030,0,63,1,7,311,0.6
"2345",28.1083978182562,28.1,"2013","12","Thursday","7",4.3,34.7,43.2,4.9,4.3,3.1,1023,0,76,2,5,219,3.5
"2347",19.6248850399942,19.5,"2013","12","Thursday","9",3.7,25.3,55.4,8.5,2.3,2,1020,0,67,19,7,229,4.6
"2353",22.7802713124332,22.8,"2013","12","Thursday","15",2.1,26,50.9,18.4,8.2,-2.6,1015,0,68,3,11,254,3
"2354",19.6939142232404,19.7,"2013","12","Thursday","16",1.7,22.3,55.7,14.7,9.1,-2.7,1018,0,71,1,8,297,2.4
"2355",41.0057615402773,41,"2013","12","Friday","6",2.8,45.3,23.5,9.7,7.5,1.9,1025,0,65,0,4,259,1.4
"2361",41.5066707301942,41.6,"2013","12","Friday","12",10.3,57.3,24.7,14.6,10,3.5,1027,0,60,35,8,270,1.6
"2362",30.2242363793105,30.3,"2013","12","Friday","13",3.7,35.9,39,10.2,3.3,2.2,1027,0,58,22,8,292,1.6
"2370",50.7400983788454,50.8,"2013","12","Monday","10",18.5,79.1,13.5,14.2,10,6.7,1028,0,87,29,9,235,0.9
"2375",35.4849467331083,35.5,"2013","12","Monday","15",6.6,45.6,31.1,21,15.4,1.9,1028,0,75,6,11,197,0.7
"2378",28.9714314583471,28.9,"2013","12","Tuesday","7",26.5,69.6,0.5,19.6,19.5,7.9,1030,0,95,1,3,79,0.4
"2379",48.9621234953706,49,"2013","12","Tuesday","8",118.2,230.2,1,25.4,22,9.2,1030,0,95,7,3,109,0.3
"2380",41.3021416291739,41.3,"2013","12","Tuesday","9",94.5,186.2,1.6,29.9,25.6,8.6,1031,0,95,18,3,355,0.4
"2386",40.1647996694674,40.1,"2013","12","Tuesday","15",19.2,69.6,3.6,40.7,33.7,5.8,1030,0,79,3,9,213,0.3
"2390",69.3015934663661,69.3,"2013","12","Wednesday","8",160.5,315.39999,1.2,24.9,22.5,12.4,1029,0,97,6,1,93,0.4
"2397",64.1907779176889,64.2,"2013","12","Wednesday","15",118.9,246.5,1.2,45.2,41.5,8.4,1027,0,98,3,2,102,0.4
"2398",57.9712712818266,57.9,"2013","12","Wednesday","16",43,123.9,1.1,30,25.9,7.8,1027,0,98,1,2,117,0.4
"2401",66.1758005982515,66.2,"2013","12","Thursday","8",210.8,389.39999,1.1,39.2,39.3,11.8,1024,0,98,9,1,158,0.4
"2404",40.7195197125882,40.7,"2013","12","Thursday","11",43.1,106.8,6.3,43.4,36.5,6.3,1023,1,99,31,6,204,0.4
"2406",37.0769565181592,37,"2013","12","Thursday","13",13,57,14.4,46,41.1,3.3,1023,0,99,24,9,187,0.9
"2413",32.5464445890613,32.5,"2013","12","Friday","9",6.3,42.2,14.3,28.3,20.3,3.1,1019,0,87,6,11,99,0.1
"2417",27.2988936540048,27.3,"2013","12","Friday","13",4.7,34.5,23.2,23.1,18.9,2.1,1017,0,76,10,11,348,0.3
"2418",27.637449302641,27.6,"2013","12","Friday","14",3.5,33,27.3,24.1,16.9,2.2,1016,0,76,7,11,175,0.4
"2421",29.8951106140838,29.8,"2014","2","Monday","6",3,34.5,15.3,12.6,5.4,1.5,1006,0,94,1,5,118,0.4
"2430",12.2538302222598,12.3,"2014","2","Monday","15",4.2,18.7,64.8,13.7,7.9,-2.6,1008,0,67,38,11,168,3.2
"2443",47.778095090925,47.8,"2014","2","Wednesday","6",12.6,67.1,10.4,14.1,10.1,5.9,1011,0,92,1,6,242,0.5
"2445",50.6987674106946,50.7,"2014","2","Wednesday","8",22.5,85.2,10.8,13.3,10.2,1.8,1012,0,90,29,7,231,1
"2447",42.5158426319248,42.4,"2014","2","Wednesday","10",21.9,76.1,29,13.4,4.8,2.5,1012,0,81,49,10,226,1.5
"2450",26.706045634199,26.7,"2014","2","Wednesday","13",7.3,37.9,49.4,12.3,13.5,-0.2,1012,0,69,65,12,230,2.1
"2452",34.1228598390597,34.1,"2014","2","Wednesday","15",6.7,44.4,42.4,13.5,7.8,-1.6,1012,0,72,30,11,224,1.9
"2454",7.75954874408062,7.8,"2014","2","Thursday","6",2.7,11.9,55.1,6.8,4,0.4,1001,0,91,0,11,193,2.9
"2455",11.747206774221,11.8,"2014","2","Thursday","7",3.1,16.5,55.4,6.8,6.6,-1,1001,0,88,4,11,197,2.6
"2456",11.197877509754,11.2,"2014","2","Thursday","8",3,15.8,57.3,7.6,4.2,-3,1001,0,83,18,11,188,3.3
"2462",15.6863460963055,15.6,"2014","2","Thursday","14",4.9,23.2,63.8,11,9.6,-1,998,0,77,56,13,214,2.9
"2463",21.0823552572088,21,"2014","2","Thursday","15",4.9,28.6,67.6,9,5,0.3,998,0,63,26,13,231,2.8
"2467",28.8317938492538,28.8,"2014","2","Friday","8",7.8,40.8,47.7,11,3.3,0.2,1003,0,73,15,7,233,2.5
"2474",13.1549826820461,13.1,"2014","2","Friday","15",4,19.3,75.9,14.2,5.7,6.2,1003,0,50,32,10,214,3.2
"2475",15.4491040907248,15.5,"2014","2","Friday","16",4.2,21.9,75.9,14.8,6.3,6.8,1003,0,53,18,10,209,3.3
"2476",16.6810149749457,16.7,"2014","2","Monday","6",4.9,24.2,50.8,13.9,6.7,6.5,1005,0,83,1,8,160,3.1
"2482",10.8505108590427,10.9,"2014","2","Monday","12",5.9,19.9,61.4,15.9,13.8,4.4,1005,0,59,25,15,177,3.2
"2483",10.0251692530788,10,"2014","2","Monday","13",5,17.7,68.3,21.3,9.1,3.8,1005,0,57,44,15,180,3.7
"2487",14.8241810959922,14.8,"2014","2","Tuesday","6",3.7,20.5,71.6,11.1,7.1,6.3,998,0,88,1,9,174,2.7
"2491",13.5364538396851,13.5,"2014","2","Tuesday","10",6.3,23.2,86.3,9.9,8.2,5,999,0,78,98,9,198,3.9
"2492",13.228356133681,13.3,"2014","2","Tuesday","11",5,20.9,83.3,6.1,2.9,4.3,1000,0,76,75,9,198,3.3
"2497",14.3942704284612,14.3,"2014","2","Tuesday","16",4.5,21.3,80.4,13,10.5,2.9,1001,0,64,41,10,188,2.9
"2500",56.9868545973866,57.1,"2014","2","Wednesday","8",25.7,96.4,30.7,20.7,6.5,5.5,1012,0,85,20,8,217,1.9
"2501",40.4306757840259,40.5,"2014","2","Wednesday","9",15.3,63.9,43.7,20.2,4.6,4.8,1013,0,71,23,10,235,2.2
"2503",23.4060764012801,23.4,"2014","2","Wednesday","11",8.6,36.6,56,16.4,9.1,3.5,1014,0,58,64,12,239,2.4
"2513",27.9243305994186,27.9,"2014","2","Thursday","10",8,40.2,59.6,19.7,5.9,3.3,1005,0,71,58,10,261,2.7
"2514",21.8582246782004,21.9,"2014","2","Thursday","11",5.5,30.3,65.9,18.2,8.7,2.7,1006,0,61,78,11,272,2.7
"2515",21.8583288929002,21.9,"2014","2","Thursday","12",5.5,30.3,65.9,18.4,11.4,2.7,1006,0,55,64,11,276,2.3
"2520",23.16319921605,23.1,"2014","2","Friday","6",4,29.3,47.1,8.4,6.5,3.9,994,0,91,1,5,102,1.4
"2532",75.7905784103719,75.7,"2014","3","Monday","7",82.7,202.60001,9.8,51.3,40.9,9.1,1026,0,89,23,7,305,1.4
"2534",27.6757689752835,27.8,"2014","3","Monday","9",6.6,37.8,46.8,40.5,29.9,7.1,1027,0,68,51,13,359,2.4
"2535",19.38001808129,19.3,"2014","3","Monday","10",5.1,27.2,56.8,26,24.9,4.4,1028,0,68,68,14,4,2.4
"2536",17.9707398724143,18,"2014","3","Monday","11",8.3,30.7,52.2,36.4,28.9,5.1,1028,0,69,109,14,346,2.3
"2538",12.6024024164193,12.6,"2014","3","Monday","13",2.8,16.9,54.8,25.1,16.9,5.7,1028,0,71,100,13,347,1.8
"2540",13.4586110395395,13.4,"2014","3","Monday","15",2.5,17.3,58.1,20.8,8.5,3.1,1028,0,64,52,13,351,2.1
"2542",14.4448977751354,14.5,"2014","3","Tuesday","6",1.4,16.6,60.9,20.8,8.9,7.6,1033,0,83,3,7,14,1.9
"2543",22.6297320667807,22.6,"2014","3","Tuesday","7",1.8,25.4,50.7,25.5,8.9,5.6,1034,0,82,15,7,10,1.8
"2544",23.2251268114822,23.2,"2014","3","Tuesday","8",2,26.3,50,23.4,9.9,6.9,1034,0,81,31,8,19,2
"2545",21.7591366856771,21.8,"2014","3","Tuesday","9",5.5,30.2,52.2,23,11.6,6.3,1034,0,80,49,8,16,1.8
"2546",21.6994575398365,21.6,"2014","3","Tuesday","10",2.8,26,51.1,33.2,19.5,6.3,1034,0,80,46,9,24,1.7
"2548",19.8991898641418,20,"2014","3","Tuesday","12",10.3,35.7,53.5,40.3,25.5,6.2,1034,0,77,81,10,36,1.9
"2549",24.4741720439129,24.5,"2014","3","Tuesday","13",5.1,32.3,50,40.8,27.2,6.2,1033,0,76,80,11,49,1.5
"2551",29.3862632832891,29.4,"2014","3","Tuesday","15",6.2,38.9,50.6,44.1,26.1,4.9,1033,0,75,61,12,85,1.6
"2552",32.1143306258493,32.1,"2014","3","Tuesday","16",8.4,45,44.4,35.2,21.5,7.6,1033,0,77,29,11,87,1.6
"2556",40.522247711162,40.6,"2014","3","Wednesday","9",48.7,115.2,5.7,45.2,31.2,9.4,1034,0,91,48,9,24,1
"2558",23.8147485572665,23.8,"2014","3","Wednesday","11",11.4,41.3,27.9,54.9,40.7,6.8,1033,0,73,44,12,53,1.5
"2562",27.8089605196661,27.8,"2014","3","Wednesday","15",5.6,36.4,49.5,62.5,48.9,6.1,1031,0,60,45,15,52,1.4
"2565",43.4743022292424,43.5,"2014","3","Thursday","7",20.3,74.6,7.1,66,60.5,7.3,1030,0,95,27,6,69,0.3
"2566",49.6228906017824,49.7,"2014","3","Thursday","8",42.9,115.4,6.2,81.8,78,8.6,1030,0,96,60,6,68,0.3
"2568",52.1963342389612,52.2,"2014","3","Thursday","10",42.2,116.9,16.9,87.5,78.2,7.3,1030,0,93,78,10,151,0.8
"2571",55.6797353337511,55.6,"2014","3","Thursday","13",12.6,75,39,61.3,54.1,8,1029,0,49,63,17,7,1.1
"2574",69.9663530157716,70,"2014","3","Thursday","16",16.2,94.8,25.6,62.5,64.9,4.1,1029,0,60,32,15,100,1.1
"2576",46.5808248961814,46.6,"2014","3","Friday","7",133.89999,251.89999,4,72.3,63,12.3,1029,0,95,28,3,109,0.4
"2580",70.5970053102848,70.6,"2014","3","Friday","11",40.5,132.7,27.9,64.3,45.4,9.8,1028,0,90,60,10,249,1.1
"2587",49.8235735336046,49.8,"2014","3","Monday","7",74.2,163.60001,6.8,27.6,25.5,15.2,1015,0,92,55,4,124,0.6
"2588",40.7610366685458,40.7,"2014","3","Monday","8",29.5,86,24.1,24.2,17,12.4,1015,0,83,109,6,126,1.5
"2589",12.5321606651049,12.5,"2014","3","Monday","9",18.3,40.6,59.9,11,7.7,14.4,1015,0,70,146,7,139,2.6
"2590",9.23106200744859,9.2,"2014","3","Monday","10",6.3,18.9,66.8,11.2,6.9,13.1,1014,1,59,36,9,124,2.8
"2592",9.29666492704741,9.3,"2014","3","Monday","12",5.8,18.2,70.2,11,6.7,13.1,1012,0,50,67,10,136,2.7
"2593",9.55132760246005,9.5,"2014","3","Monday","13",4.2,16,75.1,7.7,5.2,11.8,1012,0,49,90,11,140,2.8
"2597",19.4549970386973,19.4,"2014","3","Tuesday","6",2.7,23.6,62.4,10,6.6,14.8,1006,0,84,9,6,112,1.5
"2600",24.2834775288918,24.2,"2014","3","Tuesday","9",6.4,34.1,50.7,12.8,9.9,14.8,1006,1,86,69,7,105,1.9
"2602",12.8547686969558,12.9,"2014","3","Tuesday","11",7.2,23.9,65.1,10.2,7.2,13.5,1007,0,77,151,8,107,2.2
"2603",11.4800226547952,11.5,"2014","3","Tuesday","12",3.4,16.7,69,9.6,5.1,14.9,1007,0,74,136,8,112,2.7
"2606",23.4222784622694,23.4,"2014","3","Tuesday","15",3.7,29.1,56.6,24.8,21.7,13.6,1009,0,69,68,9,80,1.7
"2614",13.549756043179,13.5,"2014","3","Wednesday","12",4.2,20,66.6,19.6,10.4,15.3,1017,0,57,107,10,325,1.6
"2615",12.7988645952705,12.7,"2014","3","Wednesday","13",4.1,19.1,70.4,17.6,2.6,14.5,1016,0,52,99,10,315,1.7
"2617",19.2756896742857,19.4,"2014","3","Wednesday","15",8.1,31.7,59.3,5.9,6.4,11.4,1016,0,87,35,4,6,1.1
"2619",49.262551336466,49.2,"2014","3","Thursday","6",49,124.4,2.3,19.2,16.7,15,1013,0,95,23,2,92,0.4
"2627",17.3684059897512,17.4,"2014","3","Thursday","14",5.3,25.5,68.2,28.1,26.4,12.9,1011,0,60,140,10,107,2.4
"2629",28.4877573896437,28.5,"2014","3","Thursday","16",9.2,42.6,54.2,25.9,21.9,10.8,1011,0,68,45,8,75,0.7
"2634",31.5314398626399,31.6,"2014","3","Friday","10",15.5,55.3,26.6,53.2,45.5,9.8,1015,0,79,157,10,75,1.8
"2635",28.8793741995455,28.8,"2014","3","Friday","11",11.1,45.9,33.7,51.6,47.5,9.7,1015,0,73,169,11,67,1.9
"2638",19.9638667479057,19.9,"2014","3","Friday","14",5.3,28.1,74.2,45.7,30.2,-0.8,1015,0,59,117,12,105,2.3
"2641",28.9099983917999,29,"2014","4","Monday","6",58.1,118,2.7,47.1,37.4,18.5,1005,0,97,106,7,358,0.4
"2643",44.8631045852269,44.8,"2014","4","Monday","8",40.2,106.5,6.8,44.4,36.2,16.8,1005,0,96,243,13,61,0.4
"2644",25.6619768811172,25.7,"2014","4","Monday","9",5.7,34.4,36.4,35.1,24.8,15.9,1005,0,89,404,16,9,0.8
"2649",14.8324046641859,14.8,"2014","4","Monday","14",2,17.9,95.1,39.4,34.1,15.9,1004,0,52,124,19,83,2
"2654",21.3629918095312,21.4,"2014","4","Tuesday","8",4.2,27.8,42.6,14.2,11.3,13.4,1006,0,98,110,12,188,1.6
"2659",16.9282295817296,16.9,"2014","4","Tuesday","13",3.5,22.3,73.2,13.4,3.4,-1.3,1009,0,63,104,16,203,2.3
"2664",33.0456996234061,33.1,"2014","4","Wednesday","7",9.1,47,38.3,21.8,15,5.4,1017,0,83,262,12,126,1.4
"2667",13.3144903927987,13.3,"2014","4","Wednesday","10",2.4,17,72.6,24.6,11.4,5.4,1017,0,59,164,18,167,2.3
"2669",11.9218269512837,12,"2014","4","Wednesday","12",2.2,15.3,83.1,14.7,5.5,5.4,1017,0,52,265,19,169,2.1
"2670",11.7873788846318,11.7,"2014","4","Wednesday","13",3.2,16.7,83.1,14.7,4.6,1.4,1017,0,49,223,19,178,2.2
"2672",15.4893403134898,15.5,"2014","4","Wednesday","15",3.2,20.4,80,11.4,6.2,1.4,1017,0,46,137,19,188,1.8
"2676",19.1136380888563,19.2,"2014","4","Thursday","8",4.1,25.4,53.8,8.5,3.9,4.8,1020,0,88,123,13,150,0.6
"2681",19.1440596570319,19.2,"2014","4","Thursday","13",7.6,30.8,63.9,10.1,7.2,-0.9,1018,0,58,185,16,95,0.5
"2691",32.4360801059171,32.4,"2014","4","Friday","12",17,58.5,11.2,34.5,29.7,4,1009,0,82,111,15,322,0.5
"2705",8.76542559425287,8.8,"2014","4","Monday","15",2.3,12.3,82.1,10.5,0.7,10.8,1011,0,52,70,16,84,2.1
"2715",19.2856120935518,19.2,"2014","4","Tuesday","14",3.4,24.5,66,38.9,30.6,11.4,1012,0,73,171,15,78,1.7
"2718",47.1276606815274,47.1,"2014","4","Wednesday","6",18.7,75.8,8.9,20.3,14.5,5.5,1013,0,95,40,10,199,0.3
"2719",54.7024465289822,54.6,"2014","4","Wednesday","7",34.5,107.6,7.4,27.3,23.3,4.9,1013,0,95,89,10,54,0.2
"2720",50.2583933744644,50.3,"2014","4","Wednesday","8",37.4,107.6,12.4,32.6,31.1,5.6,1013,0,94,226,12,140,0.3
"2723",23.6317369025712,23.7,"2014","4","Wednesday","11",6.5,33.6,61.2,26.6,20.2,15.4,1012,0,50,563,20,246,0.7
"2724",15.9095275960613,15.9,"2014","4","Wednesday","12",4.1,22.2,76,17.8,9.9,14.1,1012,0,48,419,20,193,0.8
"2725",19.1587140738523,19.2,"2014","4","Wednesday","13",7.2,30.2,81.3,20.3,16,14.1,1012,2,46,166,21,199,1.3
"2735",18.3332726218672,18.3,"2014","5","Thursday","12",5,26,44.4,11.6,4.1,11.2,1009,0,93,130,13,123,0.5
"2737",39.2151284474816,39.2,"2014","5","Thursday","14",5.6,47.8,21.1,13.7,9.7,11.3,1008,1,86,104,13,260,0.6
"2739",37.7336441961589,37.7,"2014","5","Thursday","16",5,45.4,20.2,11.5,4.6,11.3,1009,0,91,11,12,57,0.3
"2743",15.4580717782632,15.5,"2014","5","Friday","9",7.2,26.5,51.1,10.2,8.2,18.1,1022,0,75,121,12,351,1.2
"2744",9.88831251205695,9.8,"2014","5","Friday","10",1.7,12.5,57.2,12,5,16.7,1023,0,73,144,12,356,1.5
"2747",17.8415886341059,17.8,"2014","5","Friday","13",4.6,24.9,51.1,13,6.4,16.8,1024,0,73,52,11,19,1.3
"2749",16.2482337868643,16.3,"2014","5","Friday","15",2.9,20.7,50.3,14.9,8.5,16.2,1025,0,72,39,11,339,1.1
"2751",37.7528733312597,37.7,"2014","5","Monday","6",4.4,44.5,12.2,18,9.8,10.7,1019,0,92,36,11,299,0.3
"2759",8.09198691202392,8.1,"2014","5","Monday","14",1.7,10.7,48.8,15,8.3,5.5,1016,0,75,75,16,318,0.9
"2764",18.0201740865312,18,"2014","5","Tuesday","8",2.4,21.7,44.1,14.8,7.9,13.6,1013,0,95,38,12,325,1.2
"2768",21.8213138107638,21.8,"2014","5","Tuesday","12",2.4,25.5,37.6,9.6,5.1,12.5,1013,0,95,47,12,311,0.6
"2770",27.7075068757772,27.7,"2014","5","Tuesday","14",2.8,32,29.5,12.6,6.5,6.1,1012,0,94,26,12,305,0.6
"2772",38.0773702319383,38.1,"2014","5","Tuesday","16",5.3,46.2,16.9,8.5,6.1,13.8,1012,0,95,25,13,285,0.5
"2775",42.6839186580996,42.7,"2014","5","Wednesday","8",12.6,62,8.9,11.5,8.6,12.6,1010,0,98,51,12,283,0.4
"2776",44.8431271261505,44.8,"2014","5","Wednesday","9",16.8,70.6,7,12.3,6.3,9.5,1010,0,98,72,13,279,0.5
"2780",35.8971320427698,35.9,"2014","5","Wednesday","13",12.2,54.6,7.3,14.4,8.8,1.6,1010,0,98,97,14,264,0.4
"2784",17.3346568093274,17.3,"2014","5","Thursday","6",5,25,20.1,19.8,14,4.9,1013,0,93,66,13,100,0.6
"2788",6.89095998588924,6.8,"2014","5","Thursday","10",3.2,11.8,50,17.9,8.8,3.7,1014,0,72,274,17,114,1.6
"2789",9.28643683670045,9.3,"2014","5","Thursday","11",3.4,14.5,51.5,15.2,9.5,-1.2,1014,1,74,556,17,102,1.4
"2792",22.4140992110012,22.3,"2014","5","Thursday","14",2.6,26.4,45.1,17.5,11,0,1015,0,76,148,17,76,1.2
"2793",26.6922005231423,26.7,"2014","5","Thursday","15",3.2,31.6,41.1,22.4,12.2,1.3,1016,0,77,150,16,74,0.9
"2797",17.3438824190287,17.2,"2014","5","Friday","8",4.6,24.4,14.6,32.3,19.7,6.5,1022,0,86,80,13,25,1.2
"2798",12.7509168094622,12.7,"2014","5","Friday","9",4.4,19.5,22.9,30.6,18.8,6.5,1022,0,84,95,14,31,1.7
"2802",6.62506606202502,6.5,"2014","5","Friday","13",2,9.7,62.4,20.1,5.5,10.4,1023,0,60,254,16,35,1.7
"2806",11.4342767623263,11.4,"2014","7","Monday","6",6.5,21.4,32.2,11.7,6,1.6,1014,0,77,258,18,188,1
"2818",38.2168101062229,38.2,"2014","7","Tuesday","7",27.9,81,10.8,27.1,13.2,1.8,1014,0,56,449,21,296,0.7
"2825",21.1844951811073,21.2,"2014","7","Tuesday","14",4.9,28.7,38.2,17.2,1.9,-2.6,1013,0,85,131,17,273,0.6
"2828",20.5449546053244,20.5,"2014","7","Wednesday","6",4.6,27.6,24.1,29.8,16.3,2.7,1017,0,86,94,15,309,0.9
"2829",17.5363273519734,17.5,"2014","7","Wednesday","7",4.8,24.9,29.1,28.2,12.8,2.7,1017,0,79,118,16,311,1.1
"2830",12.5965297981163,12.7,"2014","7","Wednesday","8",4.5,19.5,34.1,21.4,9.9,2.7,1017,0,70,226,17,320,1.4
"2831",9.80010620018772,9.8,"2014","7","Wednesday","9",4.3,16.4,37.5,21.4,5.3,3.3,1017,0,60,314,19,314,1.5
"2833",5.11315107053924,5,"2014","7","Wednesday","11",2.4,8.8,54.8,19,4.5,-0.2,1016,0,49,506,21,328,1.9
"2834",4.53470424005421,4.6,"2014","7","Wednesday","12",1.8,7.3,59.8,12.8,3,-2.4,1016,0,43,606,22,323,1.9
"2843",24.2201328803673,24.1,"2014","7","Thursday","10",3.9,30.2,25.3,19.4,10.2,-0.7,1017,0,90,41,14,312,0.6
"2844",27.6132055068806,27.6,"2014","7","Thursday","11",4.1,33.9,19.9,19.6,8.7,-0.7,1017,0,92,35,14,308,0.6
"2845",22.2215077862433,22.2,"2014","7","Thursday","12",3.9,28.2,22.8,18.8,11,-1.5,1017,0,94,36,14,328,0.4
"2847",24.5071281849227,24.5,"2014","7","Thursday","14",4.3,31.1,18.7,22.8,10,-2.9,1017,0,96,61,15,346,0.6
"2848",21.2789145855842,21.3,"2014","7","Thursday","15",3.6,26.8,20.4,25.9,9.7,-3,1017,0,97,61,15,343,0.7
"2850",20.6382418239629,20.6,"2014","7","Friday","6",1.8,23.4,31.4,14,2.1,1.7,1017,0,94,17,13,291,0.7
"2851",30.8937812308063,30.9,"2014","7","Friday","7",3.2,35.8,19.3,15.3,5.9,1.7,1017,0,95,35,13,295,0.5
"2855",16.8281064494165,16.8,"2014","7","Friday","11",5.2,24.8,17.8,18.2,10.4,1.6,1017,0,92,78,15,331,0.5
"2857",16.2669324395554,16.3,"2014","7","Friday","13",4,22.4,16.9,21.7,11.2,-1.3,1016,0,92,54,15,323,0.5
"2860",31.1950526107821,31.2,"2014","7","Friday","16",9.2,45.3,8.3,33.7,20,-0.7,1015,0,92,38,17,298,0.3
