"","predict","NO2","BP","SOLR","TMP","WDIR","WSPD","TimeHours","lag.1.BP","lag.1.NO","lag.1.NO2","lag.1.NOX","lag.1.O3","lag.1.PM10","lag.1.PM2.5","lag.1.SOLR","lag.1.TMP","lag.1.WDIR","lag.1.WSPD","lag.2.BP","lag.2.NO","lag.2.NO2","lag.2.NOX","lag.2.O3","lag.2.PM10","lag.2.PM2.5","lag.2.SOLR","lag.2.TMP","lag.2.WDIR","lag.2.WSPD","lag.3.BP","lag.3.NO","lag.3.NO2","lag.3.NOX","lag.3.O3","lag.3.PM10","lag.3.PM2.5","lag.3.SOLR","lag.3.TMP","lag.3.WDIR","lag.3.WSPD"
"1",24.032462336784,14.8,996,652,16,171,1.5,"15:00",997,3.1,17.7,22.5,75.3,11.8,11,857,17,170,1.5,997,14,25.8,47.3,75.3,11.7,8,873,17,180,1.7,998,2.2,8.6,12,73.8,11,9,697,16,159,1.5
"2",30.9589259404942,16.7,996,351,16,207,1.3,"16:00",996,3.1,14.8,19.6,73.8,8.3,6,652,16,171,1.5,997,3.1,17.7,22.5,75.3,11.8,11,857,17,170,1.5,997,14,25.8,47.3,75.3,11.7,8,873,17,180,1.7
"3",23.8596662010254,21,988,113,10,183,1.9,"09:00",988,10,24.9,40.2,44.9,23.8,19,98,10,175,1,989,20.6,35.4,66.9,22.5,26.4,18,90,10,185,1.7,990,25.3,39.2,77.9,9.5,20,15,57,9,192,1.4
"4",19.5067846421134,5.3,992,127,10,217,0.9,"10:00",992,5.9,13.4,22.5,76.3,11.5,10,245,10,183,0.8,992,6.2,17.7,27.3,64.9,23.2,19,205,10,130,0.8,991,43.3,51.6,118.1,18.5,38.7,26,70,7,128,0.5
"5",9.08993901002394,12.9,993,256,12,176,1,"13:00",993,7.8,8.1,20.1,87.8,12.4,8,179,11,132,0.6,992,6.2,4.8,14.3,87.8,13.5,10,105,11,188,0.3,992,1.9,5.3,8.1,85.3,11.3,7,127,10,217,0.9
"6",17.1843806693619,13.9,1000,389,13,150,1,"09:00",1000,5.6,21,29.6,36.9,32.3,23,217,12,179,0.9,999,7.5,33,44.5,29.4,31.9,24,68,9,230,0.4,999,5.3,36.3,44.5,29.4,32.4,23,37,7,168,0.2
"7",6.36276527066504,7.7,1001,698,15,175,1.5,"11:00",1000,1.9,9.1,12,53.9,22.2,15,558,14,155,1.4,1000,4.7,13.9,21,42.4,29.1,22,389,13,150,1,1000,5.6,21,29.6,36.9,32.3,23,217,12,179,0.9
"8",16.8870685836344,11,1001,381,16,185,1.5,"13:00",1001,1.9,9.1,12,56.4,20.5,15,680,16,189,1.5,1001,1.9,7.7,10.5,57.9,23.5,14,698,15,175,1.5,1000,1.9,9.1,12,53.9,22.2,15,558,14,155,1.4
"9",5.04629181039246,10,1002,611,16,205,2,"14:00",1001,6.2,11,20.6,57.4,21.4,15,381,16,185,1.5,1001,1.9,9.1,12,56.4,20.5,15,680,16,189,1.5,1001,1.9,7.7,10.5,57.9,23.5,14,698,15,175,1.5
"10",9.21688094622515,9.6,1002,645,16,202,1.9,"15:00",1002,2.8,10,14.3,59.4,15.3,11,611,16,205,2,1001,6.2,11,20.6,57.4,21.4,15,381,16,185,1.5,1001,1.9,9.1,12,56.4,20.5,15,680,16,189,1.5
"11",20.029305681845,9.1,1002,357,16,198,1.3,"16:00",1002,3.1,9.6,14.3,64.4,14,9,645,16,202,1.9,1002,2.8,10,14.3,59.4,15.3,11,611,16,205,2,1001,6.2,11,20.6,57.4,21.4,15,381,16,185,1.5
"12",12.4617491122154,7.7,1006,246,15,129,1.4,"11:00",1006,10.3,11.5,27.3,73.3,23.1,14,240,14,143,1.3,1006,2.2,9.1,12.4,76.8,27.7,16,114,13,127,1,1006,4.4,18.6,25.3,66.9,25.9,17,195,12,140,1.5
"13",33.2118109046035,29.6,1009,464,20,184,1,"10:00",1009,12.2,35.4,54,29.4,45.6,28,368,20,227,1.2,1009,9.7,36.8,51.6,30.9,43.4,27,219,19,241,1,1009,21.2,50.4,82.9,14.5,46.3,28,89,17,259,0.9
"14",17.0785687585723,12,1005,139,19,94,1.9,"14:00",1005,9,15.8,29.6,59.4,19.9,14,126,21,153,0.6,1005,4.1,13.9,20.1,58.9,21.7,14,636,22,136,1,1006,5.3,14.8,23,54.4,25.8,18,489,21,151,1.1
"15",11.2834592080853,7.7,1004,195,20,215,1.5,"16:00",1005,0.9,8.1,9.6,71.8,23.7,16,238,19,101,1.9,1005,3.7,12,17.7,68.4,24.5,17,139,19,94,1.9,1005,9,15.8,29.6,59.4,19.9,14,126,21,153,0.6
"16",11.9039935261869,3.8,1014,125,20,205,2.1,"16:00",1014,1.2,2.9,4.8,90.3,33.4,14,179,21,180,0.7,1014,1.2,1,2.9,90.8,50.6,16,663,22,212,1.2,1014,4.7,4.8,12,83.8,31,12,527,21,113,0.9
"17",7.36918063252068,6.7,1009,389,20,218,2.2,"10:00",1010,5.9,12.9,22,48.4,9.2,10,303,20,182,1.5,1010,4.7,11.5,18.6,45.4,21.6,11,251,19,186,1.3,1011,7.5,19.6,31.1,29.4,24.2,14,143,18,159,0.9
"18",3.03380182503975,12,1007,508,21,185,3,"12:00",1008,2.5,8.3,12.1,58.4,22.9,9,346,20,148,2.3,1009,1.9,6.7,9.6,54.9,11.9,9,389,20,218,2.2,1010,5.9,12.9,22,48.4,9.2,10,303,20,182,1.5
"19",9.69541991119382,7.7,1010,370,18,234,1.9,"11:00",1010,21.2,11,43.5,44.9,24,11,391,18,186,1.5,1010,6.2,8.1,17.7,43.4,20.7,11,331,17,218,1.4,1010,4.6,10.8,17.8,38.4,26.6,14,238,16,262,1.4
"20",5.64316014135737,10,1010,280,18,212,2,"12:00",1010,9.7,7.7,22.5,48.4,22.6,10,370,18,234,1.9,1010,21.2,11,43.5,44.9,24,11,391,18,186,1.5,1010,6.2,8.1,17.7,43.4,20.7,11,331,17,218,1.4
"21",11.6191778968039,7.7,1009,233,18,234,2.3,"13:00",1010,19,10,39.2,47.9,41.5,12,280,18,212,2,1010,9.7,7.7,22.5,48.4,22.6,10,370,18,234,1.9,1010,21.2,11,43.5,44.9,24,11,391,18,186,1.5
"22",3.52653011986608,1.4,998,653,21,221,3.1,"12:00",998,4.7,4.8,12,57.4,22.8,12,620,21,216,3.2,998,5.9,6.7,15.8,48.9,21.2,11,405,20,225,2.5,998,5,8.6,16.3,44.9,22,10,329,19,246,2.2
"23",11.5732202658014,0.5,999,245,22,211,2.7,"14:00",998,5.6,2.4,11,58.9,17.6,8,744,22,225,3.1,998,1.9,1.4,4.3,58.9,22.2,11,653,21,221,3.1,998,4.7,4.8,12,57.4,22.8,12,620,21,216,3.2
"24",2.3742612496314,1.4,999,232,20,219,3.3,"15:00",999,1.2,0.5,2.4,61.9,19.6,11,245,22,211,2.7,998,5.6,2.4,11,58.9,17.6,8,744,22,225,3.1,998,1.9,1.4,4.3,58.9,22.2,11,653,21,221,3.1
"25",6.0735622281208,16.7,1002,225,18,222,2,"09:00",1002,3.7,9.6,15.3,35.9,23.3,11,210,17,215,2.2,1002,2.8,8.1,12.4,35.9,26.9,13,148,16,206,1.9,1002,4.7,11.5,18.6,28.9,26.5,12,64,15,202,1.7
"26",5.46218930866705,1.9,1001,576,20,226,1.8,"12:00",1001,2.8,4.8,9.1,43.9,23,11,268,19,203,1.7,1001,7.2,9.1,20.1,30.9,19.8,12,309,19,204,1.2,1002,9,16.7,30.6,27.4,27.8,14,225,18,222,2
"27",1.77063260355685,3.8,1000,95,17,209,1.4,"09:00",1000,1.9,3.3,6.2,42.9,34,14,159,18,174,1.5,1000,2.1,5.7,8.9,42.4,31.4,15,89,18,195,1.4,1001,1.9,6.7,9.6,37.4,32.1,14,68,16,201,1
"28",-0.551451877324176,1.9,1000,394,19,200,2.3,"11:00",1000,1.9,2.9,5.7,53.4,31.6,15,430,17,216,1.2,1000,1.9,3.8,6.7,45.9,30.6,16,95,17,209,1.4,1000,1.9,3.3,6.2,42.9,34,14,159,18,174,1.5
"29",17.9158579742993,5.3,1000,321,21,203,2.4,"16:00",1000,1.2,4.8,6.7,59.9,29.1,15,661,21,183,2.8,1000,1.6,3.3,5.7,60.9,28.2,14,867,21,205,2.7,1000,2.8,5.7,10,54.4,29.1,15,829,21,213,3.5
"30",10.6834277621072,2.9,1005,355,20,211,3.4,"13:00",1004,1.2,2.9,4.8,59.4,26,16,475,20,203,3.6,1003,2.2,3.8,7.2,55.4,29.9,16,498,19,212,3.9,1003,2.9,6.4,10.8,47.4,25.6,14,362,19,207,4.1
"31",12.0421859116668,6.7,1008,649,23,158,1.6,"13:00",1009,1.9,4.3,7.2,50.4,19.5,10,720,23,168,1.3,1010,1.9,4.8,7.7,48.9,19.3,9,664,21,200,1.9,1011,3.7,5.7,11.5,48.4,29.5,11,377,20,202,1.5
"32",11.4399490648661,11.5,1008,566,23,168,1.3,"14:00",1008,4.7,6.7,13.9,46.4,14.7,8,649,23,158,1.6,1009,1.9,4.3,7.2,50.4,19.5,10,720,23,168,1.3,1010,1.9,4.8,7.7,48.9,19.3,9,664,21,200,1.9
"33",39.2340554546079,43,1004,646,16,248,2,"13:00",1004,27.4,42.6,84.6,4,27,23,551,15,241,2.3,1004,29.9,43,88.9,6,22.8,20,490,14,230,1.7,1004,14.7,38.7,61.2,6,23.4,22,419,14,242,1.5
"34",41.5742687572479,44.5,1004,490,16,238,1.5,"14:00",1004,40.5,43,105.2,3,27.8,24,646,16,248,2,1004,27.4,42.6,84.6,4,27,23,551,15,241,2.3,1004,29.9,43,88.9,6,22.8,20,490,14,230,1.7
"35",21.1838979605961,22.5,997,83,18,204,1.7,"12:00",998,2.5,22.5,26.3,30.9,29,17,91,18,171,1.1,998,1.2,17.7,19.6,33.4,18.7,18,107,17,209,0.8,998,7.5,21,32.5,28.4,19.8,17,91,17,191,0.6
"36",28.0612410001966,28.7,1003,70,12,54,1.6,"10:00",1003,19.6,35.9,66,16.5,32.4,19,62,12,140,1.4,1003,26.2,40.2,80.3,9,29.8,19,60,12,224,1.6,1002,29.9,42.6,88.5,3.5,23.1,15,18,12,182,1.1
"37",20.7526867595269,12.4,1003,35,13,39,1.8,"12:00",1003,9.4,24.4,38.7,30.4,30.5,16,63,13,59,1.8,1003,10,28.7,44,27.4,28.1,18,70,12,54,1.6,1003,19.6,35.9,66,16.5,32.4,19,62,12,140,1.4
"38",14.3735925254054,5.7,1002,25,13,49,1.6,"13:00",1003,2.8,12.4,16.7,45.9,28.6,19,35,13,39,1.8,1003,9.4,24.4,38.7,30.4,30.5,16,63,13,59,1.8,1003,10,28.7,44,27.4,28.1,18,70,12,54,1.6
"39",30.7755800048731,32.5,1010,696,14,110,1.8,"12:00",1010,9.7,27.3,42.1,39.9,34.1,16,594,13,43,1.5,1010,5.6,25.3,33.9,46.9,34.1,17,451,12,100,1.5,1009,12.8,38.3,57.9,34.4,38.9,21,269,11,53,1.1
"40",31.0513203631407,37.3,1010,726,14,87,2,"13:00",1010,5.9,32.5,41.6,33.4,42.5,18,696,14,110,1.8,1010,9.7,27.3,42.1,39.9,34.1,16,594,13,43,1.5,1010,5.6,25.3,33.9,46.9,34.1,17,451,12,100,1.5
"41",53.8227224286778,44,1011,89,13,124,1.1,"16:00",1011,11.2,46.4,63.6,12.5,39.9,23,501,14,335,1.6,1010,11.5,44,61.7,20.5,40.8,20,651,15,9,1.5,1010,9.7,37.3,52.1,27.9,44.9,21,726,14,87,2
"42",15.3910895722115,23,1016,267,11,193,0.7,"11:00",1017,3.7,23.9,29.6,37.9,24.4,16,244,10,223,0.6,1017,29.6,55.9,101.4,10,40.1,26,210,8,230,0.9,1018,120.7,71.7,256.79999,2,50.3,29,93,5,242,0.4
"43",20.9321794886319,22,1006,59,11,201,0.7,"10:00",1007,10,22,37.3,17,32.4,20,47,10,119,0.4,1007,12.5,24.9,44,10.5,28.8,19,31,8,108,0.3,1008,15.9,32,56.4,5.5,30,20,6,8,89,0.4
"44",26.934612028305,15.8,1004,65,12,175,0.8,"13:00",1005,11.8,16.3,34.4,28.4,32.3,23,128,12,176,1.2,1006,9,16.7,30.6,26.4,31.1,22,74,11,185,0.4,1006,7.8,22,33.9,18,32.8,24,59,11,201,0.7
"45",21.6425587764146,15.8,1004,79,12,170,0.9,"14:00",1004,8.7,15.8,29.2,30.9,33.4,22,65,12,175,0.8,1005,11.8,16.3,34.4,28.4,32.3,23,128,12,176,1.2,1006,9,16.7,30.6,26.4,31.1,22,74,11,185,0.4
"46",25.2673010617222,31.6,989,73,12,132,3.1,"12:00",990,8.4,36.3,49.2,18.5,20.7,18,86,11,132,2.8,990,29.6,44.9,90.4,4.5,29.9,24,66,10,129,1.9,990,23.1,44,79.4,4,24.6,21,57,10,129,2
"47",38.1906563849639,40.6,989,9,12,127,1.7,"16:00",988,5.9,35.9,44.9,24.9,18.3,16,47,12,104,2,988,5,31.6,39.2,30.4,16.2,14,223,13,141,2.8,988,6.9,31.6,42.1,23.4,17.8,15,120,12,140,3.4
"48",16.1613721432704,21,987,18,12,124,1.2,"15:00",987,2.2,11.5,14.8,52.4,25,18,41,12,138,1.4,988,3.7,7.7,13.4,56.4,20,15,51,13,129,1.2,988,2.5,7.7,11.5,57.4,20.6,16,48,13,133,1.1
"49",19.1364788776424,13.9,990,492,15,136,2.3,"13:00",990,6.5,17.2,27.3,44.9,22.3,17,508,15,152,1.5,990,4.7,17.2,24.4,43.4,23.6,14,350,15,140,1.6,990,5,16.3,23.9,42.4,23.5,15,378,15,184,1
"50",16.2804039209866,9.1,984,11,10,227,3.1,"09:00",983,4.4,16.7,23.4,48.4,22.1,12,1,12,190,2.7,983,1.6,14.8,17.2,49.4,23.6,9,-2,12,208,2.7,983,1.2,11,12.9,50.4,23.2,14,-2,12,204,3.5
"51",10.6660997944106,10,990,274,11,229,3.9,"14:00",989,0.9,7.7,9.1,48.9,19.1,11,392,11,217,4,988,1.9,5.7,8.6,49.9,22,11,158,11,207,4.4,987,1.2,5.7,7.7,52.4,20.3,11,207,10,208,3.7
"52",13.9323482566871,11.5,991,-1,9,200,3,"16:00",991,1.6,11,13.4,48.9,21.1,12,85,10,214,3.3,990,1.6,10,12.4,47.4,22.7,12,274,11,229,3.9,989,0.9,7.7,9.1,48.9,19.1,11,392,11,217,4
"53",31.3454986183481,38.3,991,78,11,171,1.9,"11:00",992,9.7,39.2,54,24.9,23.1,10,50,11,205,1.9,993,15.9,49.2,73.6,14.5,21.4,13,37,10,200,1.7,993,18.4,57.4,85.6,8,20.4,13,7,10,238,1.3
"54",39.5149184611485,44.5,988,4,10,181,1.5,"15:00",989,7.2,40.6,51.6,17,31.8,14,19,10,174,1.5,989,7.5,30.1,41.6,30.9,29.8,13,29,10,199,1.5,990,7.5,31.1,42.6,37.4,27.4,13,74,11,198,1.8
"55",41.0005203321329,32,1003,150,8,232,1.6,"10:00",1003,22.5,52.6,87,11.5,34.7,15,119,7,241,1.9,1002,30.6,45.9,92.8,3,30.5,16,19,6,229,2,1001,14.7,44,66.5,2.5,26.7,15,-2,6,232,1.9
"56",20.949267383213,31.1,1004,95,8,241,2,"11:00",1003,7.5,32,43.5,36.4,33.9,12,150,8,232,1.6,1003,22.5,52.6,87,11.5,34.7,15,119,7,241,1.9,1002,30.6,45.9,92.8,3,30.5,16,19,6,229,2
"57",28.8420268291655,29.6,1004,101,9,214,1.4,"13:00",1004,7.2,29.2,40.2,41.4,35.9,19,132,9,215,2.3,1004,5.9,31.1,40.2,35.4,37.6,15,95,8,241,2,1003,7.5,32,43.5,36.4,33.9,12,150,8,232,1.6
"58",25.9005788735363,44,1004,46,9,171,0.2,"14:00",1004,5.3,29.6,37.8,35.9,41.2,23,101,9,214,1.4,1004,7.2,29.2,40.2,41.4,35.9,19,132,9,215,2.3,1004,5.9,31.1,40.2,35.4,37.6,15,95,8,241,2
"59",45.3359949707648,48.8,1004,9,9,172,0.6,"15:00",1004,15.9,44,68.4,16,39.5,23,46,9,171,0.2,1004,5.3,29.6,37.8,35.9,41.2,23,101,9,214,1.4,1004,7.2,29.2,40.2,41.4,35.9,19,132,9,215,2.3
"60",44.7423105549047,56.4,1004,-2,9,190,1,"16:00",1004,9,48.8,62.6,6,39.3,22,9,9,172,0.6,1004,15.9,44,68.4,16,39.5,23,46,9,171,0.2,1004,5.3,29.6,37.8,35.9,41.2,23,101,9,214,1.4
"61",47.2006090121248,43.5,1010,90,11,212,1.6,"11:00",1010,23.4,54.5,90.4,12.5,24.5,12,99,11,200,1.3,1009,20,56.9,87.5,9,22.6,13,64,10,203,1.1,1009,18.1,61.2,88.9,6.5,21.1,13,18,9,205,0.2
"62",24.1526306423544,27.7,1010,65,12,215,1.6,"13:00",1010,4.7,26.3,33.5,35.9,17.8,11,107,12,211,1.1,1010,11.5,43.5,61.2,29.9,21.3,14,90,11,212,1.6,1010,23.4,54.5,90.4,12.5,24.5,12,99,11,200,1.3
"63",34.0688882165596,45.9,1010,7,12,201,0.2,"15:00",1010,18.4,35.4,63.6,23.9,25.3,15,29,12,196,0.6,1010,4.4,27.7,34.4,29.4,15.4,13,65,12,215,1.6,1010,4.7,26.3,33.5,35.9,17.8,11,107,12,211,1.1
"64",39.8140275713762,55.9,1011,-2,11,197,0.2,"16:00",1010,4.1,45.9,52.1,11,25.7,14,7,12,201,0.2,1010,18.4,35.4,63.6,23.9,25.3,15,29,12,196,0.6,1010,4.4,27.7,34.4,29.4,15.4,13,65,12,215,1.6
"65",31.5935605635422,38.7,1020,329,10,303,1.5,"14:00",1020,5.6,33.5,42.1,23.9,26.9,16,356,10,303,1.6,1020,7.8,34.4,46.4,23.9,23.3,15,133,10,290,1.6,1019,12.8,43,62.6,13.5,24,16,140,9,284,1.7
"66",51.8398161621064,47.8,991,164,-1,258,1.4,"10:00",991,26.5,54.5,95.1,6.5,20.2,14,107,-1,283,1.5,991,30.2,63.1,109.5,3.5,17.1,13,10,-2,297,1.3,990,10.3,45.4,61.2,13,16.8,12,-4,-1,297,1.8
"67",44.7004958270824,47.8,991,140,0,257,2,"12:00",991,15.6,45.9,69.8,15,19.1,15,149,-1,250,1.9,991,17.8,47.8,75.1,13.5,18.2,16,164,-1,258,1.4,991,26.5,54.5,95.1,6.5,20.2,14,107,-1,283,1.5
"68",52.1892894710979,43,990,442,2,247,1.8,"13:00",991,13.1,47.8,67.9,14,23.9,16,140,0,257,2,991,15.6,45.9,69.8,15,19.1,15,149,-1,250,1.9,991,17.8,47.8,75.1,13.5,18.2,16,164,-1,258,1.4
"69",45.0407914393135,52.6,990,357,2,260,1.6,"14:00",990,9,43,56.9,14,23.1,17,442,2,247,1.8,991,13.1,47.8,67.9,14,23.9,16,140,0,257,2,991,15.6,45.9,69.8,15,19.1,15,149,-1,250,1.9
"70",37.9739268322566,53.5,981,5,2,85,0.7,"14:00",982,20,40.6,71.2,22.5,23.5,18,22,2,119,1.3,983,15,36.3,59.3,25.9,21.9,18,36,2,104,1,984,14,38.3,59.8,25.4,25.2,18,52,1,105,1.2
"71",51.8468450239887,57.9,980,338,3,259,1.1,"14:00",979,23.7,55.5,91.8,8.5,20.1,16,408,2,236,2,979,39.3,51.6,111.9,6,22.4,17,120,1,235,2,980,47.4,58.3,131,4,23,19,97,0,232,2.2
"72",43.0762226044575,46.9,982,28,4,130,1.9,"15:00",982,9.1,45.3,59.3,8,25.3,19,40,3,119,0.9,983,17.5,53.5,80.3,9.5,24.5,21,68,3,91,0.6,983,7.8,37.8,49.7,15.5,21.8,17,62,2,99,0.3
"73",32.9474212149988,32.5,981,63,4,137,1,"10:00",981,7.2,38.3,49.2,7.5,21,18,14,3,135,0.3,981,2.5,34.4,38.3,9.5,21,15,0,3,89,0.6,981,2.8,39.2,43.5,6,17.3,16,-3,3,76,0.4
"74",26.8282527667988,30.1,980,79,5,178,0.6,"11:00",981,6.9,32.5,43,14.5,19.5,17,63,4,137,1,981,7.2,38.3,49.2,7.5,21,18,14,3,135,0.3,981,2.5,34.4,38.3,9.5,21,15,0,3,89,0.6
"75",30.2178979302447,23,979,44,5,124,0.8,"13:00",979,5.3,24.4,32.5,21.5,24.1,21,66,5,161,0.6,980,5.9,30.1,39.2,16.5,23,21,79,5,178,0.6,981,6.9,32.5,43,14.5,19.5,17,63,4,137,1
"76",29.9547600131261,25.8,979,6,5,92,0.6,"15:00",979,2.5,22.5,26.3,25.9,25,23,33,5,96,0.9,979,4.4,23,29.6,23.4,24.9,23,44,5,124,0.8,979,5.3,24.4,32.5,21.5,24.1,21,66,5,161,0.6
"77",20.363275206327,23.9,1011,250,13,238,1.5,"09:00",1011,4.7,25.3,32.5,55.4,23.1,15,79,12,250,1.4,1010,5.3,31.1,39.2,41.4,21.7,14,81,12,232,1.5,1010,4.4,31.1,37.8,38.9,22,14,46,11,252,0.8
"78",19.5841107865346,21.5,1011,248,17,203,2.9,"16:00",1010,2.2,20.6,23.9,64.9,23.4,17,457,17,215,2.8,1011,0.9,19.6,21,59.9,20.8,17,268,17,224,2,1011,7.8,15.3,27.3,66.9,16,14,496,16,255,2.3
"79",43.1080784488987,22,1016,313,14,246,2,"11:00",1016,23.4,39.2,75.1,38.9,45.6,31,161,12,248,2,1016,48,53.5,127.2,15.5,51.7,34,119,12,239,2.2,1016,21.8,41.6,75.1,32.4,47.9,34,124,12,242,2
"80",17.5426526914973,15.8,1016,639,16,256,1.7,"13:00",1016,4.1,15.8,22,59.9,25,20,388,15,240,2.1,1016,6.9,22,32.5,72.8,30.7,24,313,14,246,2,1016,23.4,39.2,75.1,38.9,45.6,31,161,12,248,2
"81",20.5378148922305,14.3,1019,534,17,149,1.3,"10:00",1019,11.8,18.2,36.3,74.8,30.3,17,358,15,113,1.5,1019,4.1,20.6,26.8,64.4,33.6,22,187,14,113,1.4,1019,7.2,33.9,44.9,46.4,44.8,29,70,12,70,0.9
"82",9.75424314780198,8.6,1017,272,19,124,1.1,"14:00",1018,5,8.6,16.3,102.3,23.3,15,378,19,188,0.9,1018,1.9,9.6,12.4,100.3,30.9,22,516,19,189,1.1,1019,2.8,10,14.3,104.8,30.7,17,632,18,137,1
"83",5.10210447398798,13.9,1016,168,18,199,1.4,"16:00",1017,1.2,6.7,8.6,103.8,28.2,17,164,19,151,1.5,1017,1.6,8.6,11,103.3,23.4,17,272,19,124,1.1,1018,5,8.6,16.3,102.3,23.3,15,378,19,188,0.9
"84",35.0228925941541,43,1012,289,19,190,0.9,"09:00",1013,7.5,40.6,52.1,54.9,54.4,40,202,17,191,0.7,1013,13.4,57.9,78.4,34.4,50.4,39,119,14,144,0.5,1014,6.9,49.2,59.8,36.4,42.8,33,71,13,117,0.3
"85",40.9683627470558,34.9,1012,354,19,194,1,"10:00",1012,3.7,43,48.8,43.9,48.6,32,289,19,190,0.9,1013,7.5,40.6,52.1,54.9,54.4,40,202,17,191,0.7,1013,13.4,57.9,78.4,34.4,50.4,39,119,14,144,0.5
"86",34.7884772482157,43.5,1009,378,20,158,1.2,"15:00",1010,5.3,35.9,44,33.9,23.7,10,498,20,153,1.3,1010,6.7,26.8,37,52.4,27.8,18,566,20,151,1.4,1011,4.4,24.4,31.1,62.4,26.2,16,483,20,172,1.4
"87",7.48995694639706,12,1002,415,17,225,0.9,"10:00",1002,5,13.9,21.5,65.4,14.2,7,105,16,271,0.7,1003,8.7,21.5,34.9,48.9,23.6,16,201,16,253,1.2,1003,7.2,26.8,37.8,36.4,22.5,16,130,14,268,1.3
"88",10.2494584138957,10.5,1001,402,19,238,1,"11:00",1002,3.7,12,17.7,72.8,21.8,16,415,17,225,0.9,1002,5,13.9,21.5,65.4,14.2,7,105,16,271,0.7,1003,8.7,21.5,34.9,48.9,23.6,16,201,16,253,1.2
"89",7.01634091837647,11.5,1001,408,19,245,1.2,"12:00",1001,3.7,10.5,16.3,80.3,23.1,15,402,19,238,1,1002,3.7,12,17.7,72.8,21.8,16,415,17,225,0.9,1002,5,13.9,21.5,65.4,14.2,7,105,16,271,0.7
"90",13.7206229308267,10.5,1001,248,19,283,1.4,"13:00",1001,3.4,11.5,16.7,75.8,13.2,9,408,19,245,1.2,1001,3.7,10.5,16.3,80.3,23.1,15,402,19,238,1,1002,3.7,12,17.7,72.8,21.8,16,415,17,225,0.9
"91",8.18922300635114,13.9,1002,519,20,252,1.7,"10:00",1002,5.9,14.3,23.4,50.9,17.4,15,327,19,232,1.7,1002,7.2,20.6,31.6,40.4,18.2,13,193,18,240,1.1,1003,8.4,26.8,39.7,31.9,20.2,16,146,17,205,0.9
"92",10.5856911007884,12.4,1002,191,20,255,1.3,"13:00",1002,1.9,11,13.9,68.4,15.2,9,224,20,255,1.6,1002,3.1,14.3,19.1,57.9,13.4,10,324,20,240,1.9,1002,2.2,13.9,17.2,56.4,22.2,14,519,20,252,1.7
"93",12.7736812868834,11,1001,134,21,244,1.5,"15:00",1001,1.6,12.9,15.3,72.8,22.8,15,305,21,252,1.3,1002,5.9,12.4,21.5,71.8,17.7,16,191,20,255,1.3,1002,1.9,11,13.9,68.4,15.2,9,224,20,255,1.6
"94",5.83755187382061,9.6,1003,340,18,207,2,"12:00",1003,3.1,10,14.8,51.4,15.3,8,204,17,218,2,1003,2.5,6.7,10.5,50.4,17.3,7,304,18,186,1.8,1003,8.1,11,23.4,43.4,15.9,11,375,17,215,1.9
"95",10.2458968146354,9.1,1002,434,19,215,1.8,"13:00",1003,3.1,9.6,14.3,50.9,15.1,12,340,18,207,2,1003,3.1,10,14.8,51.4,15.3,8,204,17,218,2,1003,2.5,6.7,10.5,50.4,17.3,7,304,18,186,1.8
"96",3.59153046256757,7.2,993,313,16,169,1.3,"10:00",993,4.4,11.5,18.2,57.9,15,12,229,15,169,1,993,7.2,20.1,31.1,46.4,14.3,14,125,14,142,1.4,994,9.4,20.1,34.4,35.4,21.1,15,94,13,126,1
"97",8.58606529483622,24.4,992,270,16,206,1.9,"12:00",993,1.9,12,14.8,52.4,19.4,12,354,17,202,1.7,993,2.2,7.2,10.5,58.9,16.6,15,313,16,169,1.3,993,4.4,11.5,18.2,57.9,15,12,229,15,169,1
"98",22.7525262401987,38.3,992,658,18,173,2,"13:00",992,7.2,24.4,35.4,35.9,19.2,16,270,16,206,1.9,993,1.9,12,14.8,52.4,19.4,12,354,17,202,1.7,993,2.2,7.2,10.5,58.9,16.6,15,313,16,169,1.3
"99",37.9174200195153,28.7,992,333,19,203,2.5,"16:00",992,6.2,29.6,39.2,45.9,26.3,17,600,19,215,2.5,992,6.2,30.6,40.2,41.4,27.2,17,594,19,215,2.6,992,17.2,38.3,64.5,24.4,27.3,17,658,18,173,2
"100",14.1743775566173,15.3,995,410,19,124,1.1,"09:00",995,1.2,13.9,15.8,39.9,33.4,25,234,17,168,0.8,995,1.6,17.2,19.6,32.4,36.3,32,37,13,122,0.1,995,0.6,14.3,15.3,36.9,38.1,34,19,12,128,0
"101",17.3881276371008,7.2,996,118,18,104,1.7,"16:00",996,0.6,9.6,10.5,63.4,24.7,22,316,18,93,1.6,996,0,12,12,65.9,23.9,23,263,18,111,1.9,996,5.3,8.6,16.7,78.8,20.6,17,186,18,95,1.4
"102",23.2228143124663,13.4,999,88,15,354,2,"09:00",999,1.2,21.5,23.4,41.4,22.1,17,72,15,84,2.1,998,0.9,17.2,18.6,40.9,15.2,16,37,15,79,2,998,0,14.8,14.8,41.9,14,12,34,15,177,1.8
"103",11.6428593812803,12.4,999,80,15,32,2,"10:00",999,3.7,13.4,19.1,45.4,19.8,17,88,15,354,2,999,1.2,21.5,23.4,41.4,22.1,17,72,15,84,2.1,998,0.9,17.2,18.6,40.9,15.2,16,37,15,79,2
"104",15.2306530739375,14.8,999,143,16,72,2.6,"11:00",999,1.2,12.4,14.3,38.9,21.7,16,80,15,32,2,999,3.7,13.4,19.1,45.4,19.8,17,88,15,354,2,999,1.2,21.5,23.4,41.4,22.1,17,72,15,84,2.1
"105",23.5665862598479,23,998,82,16,96,2.3,"15:00",998,4.1,24.9,31.1,46.4,28.1,21,40,17,70,2.2,998,6.2,22,31.6,41.9,23.8,19,173,18,39,2.8,998,1.2,14.3,16.3,41.9,18.5,19,287,18,61,2.3
"106",7.29289376577701,10.5,1013,673,17,289,1.6,"15:00",1013,2.2,10,13.4,69.4,23.9,21,678,16,170,1.7,1013,5.3,8.6,16.7,72.3,25.5,18,372,14,191,1.6,1013,1.9,6.7,9.6,73.8,25.7,17,199,13,141,1.5
"107",16.9995621163325,16.3,1013,336,16,85,1.6,"16:00",1013,1.2,10.5,12.4,70.3,33.8,18,673,17,289,1.6,1013,2.2,10,13.4,69.4,23.9,21,678,16,170,1.7,1013,5.3,8.6,16.7,72.3,25.5,18,372,14,191,1.6
"108",17.2662859183377,6.2,1014,249,21,153,1.3,"12:00",1014,1.2,13.4,15.3,96.8,29.7,17,417,21,173,1.4,1014,6.5,27.3,37.3,62.9,33.4,19,546,21,151,1.6,1014,8.7,26.8,40.2,51.4,30.5,23,368,20,200,1.1
"109",15.5768268342581,7.7,1014,178,22,150,0.9,"16:00",1014,1.2,8.1,10,93.3,17.8,16,450,22,97,1,1014,1.9,6.7,9.6,90.3,20.5,17,383,22,44,1.3,1014,2.2,7.2,10.5,97.3,28.9,13,265,21,212,1
"110",34.3539963262564,39.2,1015,337,20,233,0.9,"09:00",1015,10.3,41.6,57.4,40.9,31.7,23,217,18,222,1.1,1015,14.3,48.8,70.8,27.4,33.4,24,150,16,222,1.3,1015,16.8,48.8,74.6,20.5,30.3,25,80,15,228,0.9
"111",9.75844298371588,6.2,1013,646,26,185,1.5,"15:00",1014,0.9,7.7,9.1,115.3,32.4,22,752,26,238,1.5,1014,2.8,14.3,18.6,112.8,28.2,21,698,25,247,1.4,1014,5.3,12.9,21,96.8,32.4,19,538,24,245,1.4
"112",38.6461998354619,29.2,1014,351,22,198,1,"09:00",1014,16.5,48.3,73.6,23.9,33.1,22,205,21,199,0.8,1014,18.1,48.8,76.5,19,30.2,21,67,19,241,0.7,1014,10,38.7,54,22.5,25,20,46,17,237,0.5
"113",16.9165261027061,14.3,1013,609,23,218,1.5,"11:00",1014,3.4,12.9,18.2,40.9,18.8,15,530,23,208,1.4,1014,9.7,29.2,44,35.9,30.1,23,351,22,198,1,1014,16.5,48.3,73.6,23.9,33.1,22,205,21,199,0.8
"114",17.5663228609782,10,1013,722,25,207,1.4,"12:00",1013,3.4,14.3,19.6,47.4,23.2,17,609,23,218,1.5,1014,3.4,12.9,18.2,40.9,18.8,15,530,23,208,1.4,1014,9.7,29.2,44,35.9,30.1,23,351,22,198,1
"115",21.9483483213421,13.4,1011,347,22,207,1.6,"11:00",1011,5,22.5,30.1,67.4,33.6,22,441,22,209,1.5,1011,10.6,28.7,44.9,46.9,38.6,22,357,21,237,1,1011,9,28.7,42.6,39.4,35,22,216,20,223,1
"116",16.1414388287076,14.8,1010,568,24,206,1.3,"13:00",1010,2.5,16.3,20.1,80.8,33.7,22,328,23,242,1.6,1011,1.6,13.4,15.8,86.8,26.9,23,347,22,207,1.6,1011,5,22.5,30.1,67.4,33.6,22,441,22,209,1.5
"117",19.3097577518117,16.3,1010,318,24,223,1,"14:00",1010,1.2,14.8,16.7,94.3,32.6,25,568,24,206,1.3,1010,2.5,16.3,20.1,80.8,33.7,22,328,23,242,1.6,1011,1.6,13.4,15.8,86.8,26.9,23,347,22,207,1.6
"118",31.0672698327721,35.9,1003,113,13,206,2,"13:00",1003,14.7,31.6,54,23,15.7,12,255,13,98,2.2,1004,11.2,30.1,47.3,23.9,16.4,11,245,12,333,2.1,1004,6.9,24.9,35.4,20,15,11,160,11,230,2.3
"119",42.2256509989617,50.2,1003,32,12,260,1.7,"15:00",1003,8.1,41.6,54,18.5,18.1,14,44,12,286,1.6,1003,11.2,35.9,53.1,23,16.4,14,113,13,206,2,1003,14.7,31.6,54,23,15.7,12,255,13,98,2.2
"120",51.2030402504848,52.6,1003,18,12,265,1.9,"16:00",1003,18.7,50.2,78.9,6.5,25,13,32,12,260,1.7,1003,8.1,41.6,54,18.5,18.1,14,44,12,286,1.6,1003,11.2,35.9,53.1,23,16.4,14,113,13,206,2
"121",33.5469562834419,29.6,1004,81,12,188,0.3,"09:00",1004,14,30.6,52.1,4.5,37.1,25,42,11,55,0.3,1003,15.9,33,57.4,1,32.7,24,21,11,142,0.5,1003,10.9,33.5,50.2,1,32.8,22,9,11,159,0.3
"122",22.5080570923016,20.6,1004,182,14,175,0.3,"12:00",1004,5,20.6,28.2,40.9,34.1,27,149,13,203,0.2,1004,9.7,27.7,42.6,23,38.1,30,138,13,232,0.1,1004,13.1,29.6,49.7,12.5,38.5,30,81,12,188,0.3
"123",7.23593950895037,8.1,1009,100,16,117,0.3,"13:00",1009,5.6,7.7,16.3,53.4,14.1,8,167,17,128,0.5,1008,2.5,5.3,9.1,54.4,13.3,8,278,16,179,0.7,1008,2.5,7.2,11,51.9,10.9,7,188,15,299,0.3
"124",38.4816956267325,28.2,1008,102,15,166,0.7,"09:00",1008,29.9,30.6,76.5,6.5,21.3,16,36,14,180,0.4,1008,19.3,30.6,60.2,3,15.9,11,9,14,202,0.3,1008,11.2,29.2,46.4,1,15.5,13,1,14,151,0.6
"125",21.1217185912604,15.8,1007,159,17,122,0.9,"11:00",1008,30.9,24.4,71.7,23.4,22.5,11,211,16,192,0.8,1008,27.4,28.2,70.3,11.5,25.8,15,102,15,166,0.7,1008,29.9,30.6,76.5,6.5,21.3,16,36,14,180,0.4
"126",15.5388106803562,16.7,1007,208,17,229,1.5,"13:00",1007,7.5,15.8,27.3,37.9,14.7,12,141,17,168,0.8,1007,10,15.8,31.1,36.4,14.6,12,159,17,122,0.9,1008,30.9,24.4,71.7,23.4,22.5,11,211,16,192,0.8
"127",7.88919175052252,4.8,1007,228,10,220,1.2,"09:00",1007,1.9,7.7,10.5,57.4,17.9,9,123,9,231,1.3,1007,1.6,9.6,12,55.4,16.8,12,52,9,240,1,1007,1.6,12.4,14.8,53.9,17.5,8,9,9,255,1
"128",6.1005141433418,6.2,1005,357,15,215,1.6,"13:00",1006,1.6,5.3,7.7,52.4,11.3,7,481,15,231,1.4,1006,1.6,7.2,9.6,52.4,11.1,7,468,14,211,1.4,1006,1.2,4.8,6.7,56.4,15.4,9,385,13,238,1.3
"129",9.57923914531553,10.5,1004,65,15,202,1.2,"16:00",1005,1.9,8.6,11.5,44.9,10.1,6,134,15,202,1.2,1005,1.2,7.7,9.6,48.9,9.6,6,300,15,211,1.8,1005,1.6,6.2,8.6,51.9,11.3,7,357,15,215,1.6
"130",10.7417619455074,1,1000,176,6,130,1.7,"11:00",1000,2.5,3.3,7.2,61.4,5.1,2,85,5,275,1.4,1000,1.6,10.5,12.9,58.4,4.8,2,72,4,294,1.6,1001,2.5,15.8,19.6,53.4,7.7,5,35,4,269,1.4
"131",6.11466695152306,2.9,999,106,8,141,2,"12:00",1000,1.6,1,3.3,60.4,0.5,1,176,6,130,1.7,1000,2.5,3.3,7.2,61.4,5.1,2,85,5,275,1.4,1000,1.6,10.5,12.9,58.4,4.8,2,72,4,294,1.6
"132",11.719926592635,6.2,998,222,8,62,1.9,"13:00",999,1.6,2.9,5.3,53.4,4.2,2,106,8,141,2,1000,1.6,1,3.3,60.4,0.5,1,176,6,130,1.7,1000,2.5,3.3,7.2,61.4,5.1,2,85,5,275,1.4
"133",28.5192352461904,34.4,964,21,5,123,4.5,"09:00",966,11.2,32,49.2,8,20.1,15,8,6,141,4.1,967,5.6,33,41.6,8.5,20.2,15,1,7,126,3.7,969,1.6,24.4,26.8,16.5,16,12,-3,7,152,3.5
"134",22.2121208407749,20.1,959,11,5,136,4.1,"14:00",960,3.1,19.6,24.4,19,9.7,7,18,5,128,4.2,960,8.4,21,33.9,20.5,8.2,6,18,5,122,4.4,962,1.9,20.1,23,30.9,7.4,6,52,4,125,4.9
"135",34.316719990917,39.7,966,45,8,100,1.9,"09:00",965,8.7,40.6,54,18,14.8,6,24,8,86,2.2,964,3.4,35.9,41.1,18,7.7,3,3,8,105,2.5,963,0.3,16.7,17.2,37.4,6.3,4,-2,8,82,2.6
"136",26.6029773270442,25.8,969,36,8,79,2.8,"12:00",968,6.9,29.2,39.7,32.9,10.6,6,45,8,62,3,967,10,35.4,50.7,25.9,12.7,8,55,9,74,2.5,966,11.2,39.7,56.9,20,15.5,8,45,8,100,1.9
"137",31.046192841377,23.4,970,45,7,52,3.1,"13:00",969,5.6,25.8,34.4,38.4,10.1,5,36,8,79,2.8,968,6.9,29.2,39.7,32.9,10.6,6,45,8,62,3,967,10,35.4,50.7,25.9,12.7,8,55,9,74,2.5
"138",3.71052422303736,1.9,989,113,5,298,1,"09:00",988,3.4,5.7,11,58.4,7.9,6,43,3,277,1.2,986,1.9,7.2,10,55.4,7.2,6,4,3,296,1.2,985,0.6,7.2,8.1,56.9,8.8,5,-3,3,206,1.5
"139",2.83740670777587,7.7,992,508,8,306,1.6,"14:00",991,1.9,3.8,6.7,52.9,6.6,6,574,7,151,1.6,991,2.8,4.8,9.1,55.4,6.2,6,380,7,284,1.6,990,1.6,3.8,6.2,55.9,2.9,2,317,6,207,1.5
"140",8.09578814049923,13.9,994,24,6,281,1.2,"16:00",993,1.6,7.7,10,57.4,11.2,5,303,7,270,1.4,992,5.3,7.7,15.8,49.9,5.6,2,508,8,306,1.6,991,1.9,3.8,6.7,52.9,6.6,6,574,7,151,1.6
"141",12.4476192844883,9.6,979,38,11,191,3,"10:00",980,3.1,17.2,22,53.4,25.7,5,26,10,172,3,983,4.1,20.6,26.8,52.4,13.9,10,6,9,199,2.6,985,1.9,17.7,20.6,55.4,16.1,9,-1,9,190,1.9
"142",14.5166446836204,5.3,977,48,12,181,3.3,"11:00",979,4.1,9.6,15.8,57.4,19.1,10,38,11,191,3,980,3.1,17.2,22,53.4,25.7,5,26,10,172,3,983,4.1,20.6,26.8,52.4,13.9,10,6,9,199,2.6
"143",12.75245674751,8.1,974,51,15,199,5.2,"13:00",975,3.4,6.7,12,54.9,15.4,9,73,13,199,4,977,3.1,5.3,10,56.9,19,9,48,12,181,3.3,979,4.1,9.6,15.8,57.4,19.1,10,38,11,191,3
