"","predict","X","Site","Time","BP","NO","NO2","NOX","O3","PM10","PM2.5","SOLR","TMP","WDIR","WSPD","TimeHours","TimeHoursNum","Date","Year","Month","Week","Day","lag.1.BP","lag.1.NO","lag.1.NO2","lag.1.NOX","lag.1.O3","lag.1.PM10","lag.1.PM2.5","lag.1.SOLR","lag.1.TMP","lag.1.WDIR","lag.1.WSPD","lag.2.BP","lag.2.NO","lag.2.NO2","lag.2.NOX","lag.2.O3","lag.2.PM10","lag.2.PM2.5","lag.2.SOLR","lag.2.TMP","lag.2.WDIR","lag.2.WSPD","lag.3.BP","lag.3.NO","lag.3.NO2","lag.3.NOX","lag.3.O3","lag.3.PM10","lag.3.PM2.5","lag.3.SOLR","lag.3.TMP","lag.3.WDIR","lag.3.WSPD"
"1",1.56417452178869,7,"GR4","27/04/2009 15:00",996,3.1,14.8,19.6,73.8,8.3,6,652,16,171,1.5,"15:00",15,"2009-04-27",2009,4,17,"Monday",997,3.1,17.7,22.5,75.3,11.8,11,857,17,170,1.5,997,14,25.8,47.3,75.3,11.7,8,873,17,180,1.7,998,2.2,8.6,12,73.8,11,9,697,16,159,1.5
"2",6.48452132836022,8,"GR4","27/04/2009 16:00",996,2.2,16.7,20.1,69.4,11.7,7,351,16,207,1.3,"16:00",16,"2009-04-27",2009,4,17,"Monday",996,3.1,14.8,19.6,73.8,8.3,6,652,16,171,1.5,997,3.1,17.7,22.5,75.3,11.8,11,857,17,170,1.5,997,14,25.8,47.3,75.3,11.7,8,873,17,180,1.7
"3",-31.5989312571752,9,"GR4","28/04/2009 09:00",988,5.3,21,29.2,52.9,21,15,113,10,183,1.9,"09:00",9,"2009-04-28",2009,4,17,"Tuesday",988,10,24.9,40.2,44.9,23.8,19,98,10,175,1,989,20.6,35.4,66.9,22.5,26.4,18,90,10,185,1.7,990,25.3,39.2,77.9,9.5,20,15,57,9,192,1.4
"4",44.5206269215941,18,"GR4","29/04/2009 10:00",992,1.9,5.3,8.1,85.3,11.3,7,127,10,217,0.9,"10:00",10,"2009-04-29",2009,4,17,"Wednesday",992,5.9,13.4,22.5,76.3,11.5,10,245,10,183,0.8,992,6.2,17.7,27.3,64.9,23.2,19,205,10,130,0.8,991,43.3,51.6,118.1,18.5,38.7,26,70,7,128,0.5
"5",41.6067863082565,21,"GR4","29/04/2009 13:00",993,9.4,12.9,27.3,85.8,12.2,12,256,12,176,1,"13:00",13,"2009-04-29",2009,4,17,"Wednesday",993,7.8,8.1,20.1,87.8,12.4,8,179,11,132,0.6,992,6.2,4.8,14.3,87.8,13.5,10,105,11,188,0.3,992,1.9,5.3,8.1,85.3,11.3,7,127,10,217,0.9
"6",34.7120099299752,25,"GR4","30/04/2009 09:00",1000,4.7,13.9,21,42.4,29.1,22,389,13,150,1,"09:00",9,"2009-04-30",2009,4,17,"Thursday",1000,5.6,21,29.6,36.9,32.3,23,217,12,179,0.9,999,7.5,33,44.5,29.4,31.9,24,68,9,230,0.4,999,5.3,36.3,44.5,29.4,32.4,23,37,7,168,0.2
"7",49.6123131339977,27,"GR4","30/04/2009 11:00",1001,1.9,7.7,10.5,57.9,23.5,14,698,15,175,1.5,"11:00",11,"2009-04-30",2009,4,17,"Thursday",1000,1.9,9.1,12,53.9,22.2,15,558,14,155,1.4,1000,4.7,13.9,21,42.4,29.1,22,389,13,150,1,1000,5.6,21,29.6,36.9,32.3,23,217,12,179,0.9
"8",41.5611527016382,29,"GR4","30/04/2009 13:00",1001,6.2,11,20.6,57.4,21.4,15,381,16,185,1.5,"13:00",13,"2009-04-30",2009,4,17,"Thursday",1001,1.9,9.1,12,56.4,20.5,15,680,16,189,1.5,1001,1.9,7.7,10.5,57.9,23.5,14,698,15,175,1.5,1000,1.9,9.1,12,53.9,22.2,15,558,14,155,1.4
"9",37.9627877124212,30,"GR4","30/04/2009 14:00",1002,2.8,10,14.3,59.4,15.3,11,611,16,205,2,"14:00",14,"2009-04-30",2009,4,17,"Thursday",1001,6.2,11,20.6,57.4,21.4,15,381,16,185,1.5,1001,1.9,9.1,12,56.4,20.5,15,680,16,189,1.5,1001,1.9,7.7,10.5,57.9,23.5,14,698,15,175,1.5
"10",68.9334863271364,31,"GR4","30/04/2009 15:00",1002,3.1,9.6,14.3,64.4,14,9,645,16,202,1.9,"15:00",15,"2009-04-30",2009,4,17,"Thursday",1002,2.8,10,14.3,59.4,15.3,11,611,16,205,2,1001,6.2,11,20.6,57.4,21.4,15,381,16,185,1.5,1001,1.9,9.1,12,56.4,20.5,15,680,16,189,1.5
"11",42.8838536037934,32,"GR4","30/04/2009 16:00",1002,1.9,9.1,12,63.4,14.2,10,357,16,198,1.3,"16:00",16,"2009-04-30",2009,4,17,"Thursday",1002,3.1,9.6,14.3,64.4,14,9,645,16,202,1.9,1002,2.8,10,14.3,59.4,15.3,11,611,16,205,2,1001,6.2,11,20.6,57.4,21.4,15,381,16,185,1.5
"12",55.9110124848437,35,"GR4","01/05/2009 11:00",1006,5,7.7,15.3,74.3,19.6,12,246,15,129,1.4,"11:00",11,"2009-05-01",2009,5,17,"Friday",1006,10.3,11.5,27.3,73.3,23.1,14,240,14,143,1.3,1006,2.2,9.1,12.4,76.8,27.7,16,114,13,127,1,1006,4.4,18.6,25.3,66.9,25.9,17,195,12,140,1.5
"13",70.4813649415064,42,"GR4","15/06/2009 10:00",1009,10.6,29.6,45.9,40.9,40.7,25,464,20,184,1,"10:00",10,"2009-06-15",2009,6,24,"Monday",1009,12.2,35.4,54,29.4,45.6,28,368,20,227,1.2,1009,9.7,36.8,51.6,30.9,43.4,27,219,19,241,1,1009,21.2,50.4,82.9,14.5,46.3,28,89,17,259,0.9
"14",35.9252878463712,54,"GR4","16/06/2009 14:00",1005,3.7,12,17.7,68.4,24.5,17,139,19,94,1.9,"14:00",14,"2009-06-16",2009,6,24,"Tuesday",1005,9,15.8,29.6,59.4,19.9,14,126,21,153,0.6,1005,4.1,13.9,20.1,58.9,21.7,14,636,22,136,1,1006,5.3,14.8,23,54.4,25.8,18,489,21,151,1.1
"15",41.2999035786511,56,"GR4","16/06/2009 16:00",1004,1.9,7.7,10.5,83.8,24.5,14,195,20,215,1.5,"16:00",16,"2009-06-16",2009,6,24,"Tuesday",1005,0.9,8.1,9.6,71.8,23.7,16,238,19,101,1.9,1005,3.7,12,17.7,68.4,24.5,17,139,19,94,1.9,1005,9,15.8,29.6,59.4,19.9,14,126,21,153,0.6
"16",67.9547221326798,64,"GR4","17/06/2009 16:00",1014,1.2,3.8,5.7,87.3,28.6,13,125,20,205,2.1,"16:00",16,"2009-06-17",2009,6,24,"Wednesday",1014,1.2,2.9,4.8,90.3,33.4,14,179,21,180,0.7,1014,1.2,1,2.9,90.8,50.6,16,663,22,212,1.2,1014,4.7,4.8,12,83.8,31,12,527,21,113,0.9
"17",67.6363617603981,66,"GR4","18/06/2009 10:00",1009,1.9,6.7,9.6,54.9,11.9,9,389,20,218,2.2,"10:00",10,"2009-06-18",2009,6,24,"Thursday",1010,5.9,12.9,22,48.4,9.2,10,303,20,182,1.5,1010,4.7,11.5,18.6,45.4,21.6,11,251,19,186,1.3,1011,7.5,19.6,31.1,29.4,24.2,14,143,18,159,0.9
"18",49.7152255580283,68,"GR4","18/06/2009 12:00",1007,11.2,12,29.2,58.4,26.5,14,508,21,185,3,"12:00",12,"2009-06-18",2009,6,24,"Thursday",1008,2.5,8.3,12.1,58.4,22.9,9,346,20,148,2.3,1009,1.9,6.7,9.6,54.9,11.9,9,389,20,218,2.2,1010,5.9,12.9,22,48.4,9.2,10,303,20,182,1.5
"19",68.8255911959947,75,"GR4","19/06/2009 11:00",1010,9.7,7.7,22.5,48.4,22.6,10,370,18,234,1.9,"11:00",11,"2009-06-19",2009,6,24,"Friday",1010,21.2,11,43.5,44.9,24,11,391,18,186,1.5,1010,6.2,8.1,17.7,43.4,20.7,11,331,17,218,1.4,1010,4.6,10.8,17.8,38.4,26.6,14,238,16,262,1.4
"20",45.9033793740129,76,"GR4","19/06/2009 12:00",1010,19,10,39.2,47.9,41.5,12,280,18,212,2,"12:00",12,"2009-06-19",2009,6,24,"Friday",1010,9.7,7.7,22.5,48.4,22.6,10,370,18,234,1.9,1010,21.2,11,43.5,44.9,24,11,391,18,186,1.5,1010,6.2,8.1,17.7,43.4,20.7,11,331,17,218,1.4
"21",57.7028018922225,77,"GR4","19/06/2009 13:00",1009,5,7.7,15.3,48.4,14.9,12,233,18,234,2.3,"13:00",13,"2009-06-19",2009,6,24,"Friday",1010,19,10,39.2,47.9,41.5,12,280,18,212,2,1010,9.7,7.7,22.5,48.4,22.6,10,370,18,234,1.9,1010,21.2,11,43.5,44.9,24,11,391,18,186,1.5
"22",110.609144593805,84,"GR4","13/07/2009 12:00",998,1.9,1.4,4.3,58.9,22.2,11,653,21,221,3.1,"12:00",12,"2009-07-13",2009,7,28,"Monday",998,4.7,4.8,12,57.4,22.8,12,620,21,216,3.2,998,5.9,6.7,15.8,48.9,21.2,11,405,20,225,2.5,998,5,8.6,16.3,44.9,22,10,329,19,246,2.2
"23",104.152112881402,86,"GR4","13/07/2009 14:00",999,1.2,0.5,2.4,61.9,19.6,11,245,22,211,2.7,"14:00",14,"2009-07-13",2009,7,28,"Monday",998,5.6,2.4,11,58.9,17.6,8,744,22,225,3.1,998,1.9,1.4,4.3,58.9,22.2,11,653,21,221,3.1,998,4.7,4.8,12,57.4,22.8,12,620,21,216,3.2
"24",91.5318006130909,87,"GR4","13/07/2009 15:00",999,1.2,1.4,3.3,66.4,13,10,232,20,219,3.3,"15:00",15,"2009-07-13",2009,7,28,"Monday",999,1.2,0.5,2.4,61.9,19.6,11,245,22,211,2.7,998,5.6,2.4,11,58.9,17.6,8,744,22,225,3.1,998,1.9,1.4,4.3,58.9,22.2,11,653,21,221,3.1
"25",90.212064322218,89,"GR4","14/07/2009 09:00",1002,9,16.7,30.6,27.4,27.8,14,225,18,222,2,"09:00",9,"2009-07-14",2009,7,28,"Tuesday",1002,3.7,9.6,15.3,35.9,23.3,11,210,17,215,2.2,1002,2.8,8.1,12.4,35.9,26.9,13,148,16,206,1.9,1002,4.7,11.5,18.6,28.9,26.5,12,64,15,202,1.7
"26",91.3045085284536,92,"GR4","14/07/2009 12:00",1001,2.2,1.9,5.3,53.9,23.7,12,576,20,226,1.8,"12:00",12,"2009-07-14",2009,7,28,"Tuesday",1001,2.8,4.8,9.1,43.9,23,11,268,19,203,1.7,1001,7.2,9.1,20.1,30.9,19.8,12,309,19,204,1.2,1002,9,16.7,30.6,27.4,27.8,14,225,18,222,2
"27",76.429645536774,97,"GR4","15/07/2009 09:00",1000,1.9,3.8,6.7,45.9,30.6,16,95,17,209,1.4,"09:00",9,"2009-07-15",2009,7,28,"Wednesday",1000,1.9,3.3,6.2,42.9,34,14,159,18,174,1.5,1000,2.1,5.7,8.9,42.4,31.4,15,89,18,195,1.4,1001,1.9,6.7,9.6,37.4,32.1,14,68,16,201,1
"28",90.7608577506248,99,"GR4","15/07/2009 11:00",1000,1.9,1.9,4.8,54.9,30.2,13,394,19,200,2.3,"11:00",11,"2009-07-15",2009,7,28,"Wednesday",1000,1.9,2.9,5.7,53.4,31.6,15,430,17,216,1.2,1000,1.9,3.8,6.7,45.9,30.6,16,95,17,209,1.4,1000,1.9,3.3,6.2,42.9,34,14,159,18,174,1.5
"29",103.424737810378,104,"GR4","15/07/2009 16:00",1000,1.9,5.3,8.1,60.4,27,16,321,21,203,2.4,"16:00",16,"2009-07-15",2009,7,28,"Wednesday",1000,1.2,4.8,6.7,59.9,29.1,15,661,21,183,2.8,1000,1.6,3.3,5.7,60.9,28.2,14,867,21,205,2.7,1000,2.8,5.7,10,54.4,29.1,15,829,21,213,3.5
"30",120.619950552424,109,"GR4","16/07/2009 13:00",1005,3.4,2.9,8.1,64.4,26,14,355,20,211,3.4,"13:00",13,"2009-07-16",2009,7,28,"Thursday",1004,1.2,2.9,4.8,59.4,26,16,475,20,203,3.6,1003,2.2,3.8,7.2,55.4,29.9,16,498,19,212,3.9,1003,2.9,6.4,10.8,47.4,25.6,14,362,19,207,4.1
"31",102.456392612602,117,"GR4","17/07/2009 13:00",1008,4.7,6.7,13.9,46.4,14.7,8,649,23,158,1.6,"13:00",13,"2009-07-17",2009,7,28,"Friday",1009,1.9,4.3,7.2,50.4,19.5,10,720,23,168,1.3,1010,1.9,4.8,7.7,48.9,19.3,9,664,21,200,1.9,1011,3.7,5.7,11.5,48.4,29.5,11,377,20,202,1.5
"32",113.653210075989,118,"GR4","17/07/2009 14:00",1008,3.1,11.5,16.3,32.9,15.6,11,566,23,168,1.3,"14:00",14,"2009-07-17",2009,7,28,"Friday",1008,4.7,6.7,13.9,46.4,14.7,8,649,23,158,1.6,1009,1.9,4.3,7.2,50.4,19.5,10,720,23,168,1.3,1010,1.9,4.8,7.7,48.9,19.3,9,664,21,200,1.9
"33",138.945589252741,125,"GR4","05/10/2009 13:00",1004,40.5,43,105.2,3,27.8,24,646,16,248,2,"13:00",13,"2009-10-05",2009,10,40,"Monday",1004,27.4,42.6,84.6,4,27,23,551,15,241,2.3,1004,29.9,43,88.9,6,22.8,20,490,14,230,1.7,1004,14.7,38.7,61.2,6,23.4,22,419,14,242,1.5
"34",116.83081661807,126,"GR4","05/10/2009 14:00",1004,31.2,44.5,92.3,3,28.2,24,490,16,238,1.5,"14:00",14,"2009-10-05",2009,10,40,"Monday",1004,40.5,43,105.2,3,27.8,24,646,16,248,2,1004,27.4,42.6,84.6,4,27,23,551,15,241,2.3,1004,29.9,43,88.9,6,22.8,20,490,14,230,1.7
"35",159.943084561034,140,"GR4","07/10/2009 12:00",997,1.6,22.5,24.9,30.9,25.6,21,83,18,204,1.7,"12:00",12,"2009-10-07",2009,10,40,"Wednesday",998,2.5,22.5,26.3,30.9,29,17,91,18,171,1.1,998,1.2,17.7,19.6,33.4,18.7,18,107,17,209,0.8,998,7.5,21,32.5,28.4,19.8,17,91,17,191,0.6
"36",167.724667015826,146,"GR4","08/10/2009 10:00",1003,10,28.7,44,27.4,28.1,18,70,12,54,1.6,"10:00",10,"2009-10-08",2009,10,40,"Thursday",1003,19.6,35.9,66,16.5,32.4,19,62,12,140,1.4,1003,26.2,40.2,80.3,9,29.8,19,60,12,224,1.6,1002,29.9,42.6,88.5,3.5,23.1,15,18,12,182,1.1
"37",159.531549704953,148,"GR4","08/10/2009 12:00",1003,2.8,12.4,16.7,45.9,28.6,19,35,13,39,1.8,"12:00",12,"2009-10-08",2009,10,40,"Thursday",1003,9.4,24.4,38.7,30.4,30.5,16,63,13,59,1.8,1003,10,28.7,44,27.4,28.1,18,70,12,54,1.6,1003,19.6,35.9,66,16.5,32.4,19,62,12,140,1.4
"38",151.182537809342,149,"GR4","08/10/2009 13:00",1002,4.4,5.7,12.4,57.4,18.1,14,25,13,49,1.6,"13:00",13,"2009-10-08",2009,10,40,"Thursday",1003,2.8,12.4,16.7,45.9,28.6,19,35,13,39,1.8,1003,9.4,24.4,38.7,30.4,30.5,16,63,13,59,1.8,1003,10,28.7,44,27.4,28.1,18,70,12,54,1.6
"39",162.309227158861,156,"GR4","09/10/2009 12:00",1010,5.9,32.5,41.6,33.4,42.5,18,696,14,110,1.8,"12:00",12,"2009-10-09",2009,10,40,"Friday",1010,9.7,27.3,42.1,39.9,34.1,16,594,13,43,1.5,1010,5.6,25.3,33.9,46.9,34.1,17,451,12,100,1.5,1009,12.8,38.3,57.9,34.4,38.9,21,269,11,53,1.1
"40",168.870619488409,157,"GR4","09/10/2009 13:00",1010,9.7,37.3,52.1,27.9,44.9,21,726,14,87,2,"13:00",13,"2009-10-09",2009,10,40,"Friday",1010,5.9,32.5,41.6,33.4,42.5,18,696,14,110,1.8,1010,9.7,27.3,42.1,39.9,34.1,16,594,13,43,1.5,1010,5.6,25.3,33.9,46.9,34.1,17,451,12,100,1.5
"41",175.022129392208,160,"GR4","09/10/2009 16:00",1011,12.5,44,63.1,5.5,34.3,26,89,13,124,1.1,"16:00",16,"2009-10-09",2009,10,40,"Friday",1011,11.2,46.4,63.6,12.5,39.9,23,501,14,335,1.6,1010,11.5,44,61.7,20.5,40.8,20,651,15,9,1.5,1010,9.7,37.3,52.1,27.9,44.9,21,726,14,87,2
"42",141.883767632905,163,"GR4","19/10/2009 11:00",1016,3.7,23,28.7,33.9,25.9,24,267,11,193,0.7,"11:00",11,"2009-10-19",2009,10,42,"Monday",1017,3.7,23.9,29.6,37.9,24.4,16,244,10,223,0.6,1017,29.6,55.9,101.4,10,40.1,26,210,8,230,0.9,1018,120.7,71.7,256.79999,2,50.3,29,93,5,242,0.4
"43",182.003897086884,170,"GR4","20/10/2009 10:00",1006,7.8,22,33.9,18,32.8,24,59,11,201,0.7,"10:00",10,"2009-10-20",2009,10,42,"Tuesday",1007,10,22,37.3,17,32.4,20,47,10,119,0.4,1007,12.5,24.9,44,10.5,28.8,19,31,8,108,0.3,1008,15.9,32,56.4,5.5,30,20,6,8,89,0.4
"44",196.559303975043,173,"GR4","20/10/2009 13:00",1004,8.7,15.8,29.2,30.9,33.4,22,65,12,175,0.8,"13:00",13,"2009-10-20",2009,10,42,"Tuesday",1005,11.8,16.3,34.4,28.4,32.3,23,128,12,176,1.2,1006,9,16.7,30.6,26.4,31.1,22,74,11,185,0.4,1006,7.8,22,33.9,18,32.8,24,59,11,201,0.7
"45",182.07354695984,174,"GR4","20/10/2009 14:00",1004,5,15.8,23.4,31.4,34.3,23,79,12,170,0.9,"14:00",14,"2009-10-20",2009,10,42,"Tuesday",1004,8.7,15.8,29.2,30.9,33.4,22,65,12,175,0.8,1005,11.8,16.3,34.4,28.4,32.3,23,128,12,176,1.2,1006,9,16.7,30.6,26.4,31.1,22,74,11,185,0.4
"46",179.206394360666,180,"GR4","21/10/2009 12:00",989,6.9,31.6,42.1,20.5,20.4,17,73,12,132,3.1,"12:00",12,"2009-10-21",2009,10,42,"Wednesday",990,8.4,36.3,49.2,18.5,20.7,18,86,11,132,2.8,990,29.6,44.9,90.4,4.5,29.9,24,66,10,129,1.9,990,23.1,44,79.4,4,24.6,21,57,10,129,2
"47",191.334614836119,184,"GR4","21/10/2009 16:00",989,4.4,40.6,47.3,19,19.7,18,9,12,127,1.7,"16:00",16,"2009-10-21",2009,10,42,"Wednesday",988,5.9,35.9,44.9,24.9,18.3,16,47,12,104,2,988,5,31.6,39.2,30.4,16.2,14,223,13,141,2.8,988,6.9,31.6,42.1,23.4,17.8,15,120,12,140,3.4
"48",206.172487879037,191,"GR4","22/10/2009 15:00",987,5.6,21,29.6,38.9,29.8,19,18,12,124,1.2,"15:00",15,"2009-10-22",2009,10,42,"Thursday",987,2.2,11.5,14.8,52.4,25,18,41,12,138,1.4,988,3.7,7.7,13.4,56.4,20,15,51,13,129,1.2,988,2.5,7.7,11.5,57.4,20.6,16,48,13,133,1.1
"49",203.678931449349,197,"GR4","23/10/2009 13:00",990,5.3,13.9,22,47.9,22.4,15,492,15,136,2.3,"13:00",13,"2009-10-23",2009,10,42,"Friday",990,6.5,17.2,27.3,44.9,22.3,17,508,15,152,1.5,990,4.7,17.2,24.4,43.4,23.6,14,350,15,140,1.6,990,5,16.3,23.9,42.4,23.5,15,378,15,184,1
"50",219.02704209544,201,"GR4","07/12/2009 09:00",984,2.2,9.1,12.4,51.9,20.7,10,11,10,227,3.1,"09:00",9,"2009-12-07",2009,12,49,"Monday",983,4.4,16.7,23.4,48.4,22.1,12,1,12,190,2.7,983,1.6,14.8,17.2,49.4,23.6,9,-2,12,208,2.7,983,1.2,11,12.9,50.4,23.2,14,-2,12,204,3.5
"51",213.975637766879,206,"GR4","07/12/2009 14:00",990,1.6,10,12.4,47.4,22.7,12,274,11,229,3.9,"14:00",14,"2009-12-07",2009,12,49,"Monday",989,0.9,7.7,9.1,48.9,19.1,11,392,11,217,4,988,1.9,5.7,8.6,49.9,22,11,158,11,207,4.4,987,1.2,5.7,7.7,52.4,20.3,11,207,10,208,3.7
"52",209.54571210175,208,"GR4","07/12/2009 16:00",991,1.2,11.5,13.4,55.4,17.3,12,-1,9,200,3,"16:00",16,"2009-12-07",2009,12,49,"Monday",991,1.6,11,13.4,48.9,21.1,12,85,10,214,3.3,990,1.6,10,12.4,47.4,22.7,12,274,11,229,3.9,989,0.9,7.7,9.1,48.9,19.1,11,392,11,217,4
"53",226.863873225358,211,"GR4","08/12/2009 11:00",991,9,38.3,52.1,28.4,27.7,15,78,11,171,1.9,"11:00",11,"2009-12-08",2009,12,49,"Tuesday",992,9.7,39.2,54,24.9,23.1,10,50,11,205,1.9,993,15.9,49.2,73.6,14.5,21.4,13,37,10,200,1.7,993,18.4,57.4,85.6,8,20.4,13,7,10,238,1.3
"54",228.883897136634,215,"GR4","08/12/2009 15:00",988,7.2,44.5,55.5,14,37.7,23,4,10,181,1.5,"15:00",15,"2009-12-08",2009,12,49,"Tuesday",989,7.2,40.6,51.6,17,31.8,14,19,10,174,1.5,989,7.5,30.1,41.6,30.9,29.8,13,29,10,199,1.5,990,7.5,31.1,42.6,37.4,27.4,13,74,11,198,1.8
"55",226.549261996276,218,"GR4","09/12/2009 10:00",1003,7.5,32,43.5,36.4,33.9,12,150,8,232,1.6,"10:00",10,"2009-12-09",2009,12,49,"Wednesday",1003,22.5,52.6,87,11.5,34.7,15,119,7,241,1.9,1002,30.6,45.9,92.8,3,30.5,16,19,6,229,2,1001,14.7,44,66.5,2.5,26.7,15,-2,6,232,1.9
"56",202.605831944744,219,"GR4","09/12/2009 11:00",1004,5.9,31.1,40.2,35.4,37.6,15,95,8,241,2,"11:00",11,"2009-12-09",2009,12,49,"Wednesday",1003,7.5,32,43.5,36.4,33.9,12,150,8,232,1.6,1003,22.5,52.6,87,11.5,34.7,15,119,7,241,1.9,1002,30.6,45.9,92.8,3,30.5,16,19,6,229,2
"57",230.835928084542,221,"GR4","09/12/2009 13:00",1004,5.3,29.6,37.8,35.9,41.2,23,101,9,214,1.4,"13:00",13,"2009-12-09",2009,12,49,"Wednesday",1004,7.2,29.2,40.2,41.4,35.9,19,132,9,215,2.3,1004,5.9,31.1,40.2,35.4,37.6,15,95,8,241,2,1003,7.5,32,43.5,36.4,33.9,12,150,8,232,1.6
"58",211.668657690044,222,"GR4","09/12/2009 14:00",1004,15.9,44,68.4,16,39.5,23,46,9,171,0.2,"14:00",14,"2009-12-09",2009,12,49,"Wednesday",1004,5.3,29.6,37.8,35.9,41.2,23,101,9,214,1.4,1004,7.2,29.2,40.2,41.4,35.9,19,132,9,215,2.3,1004,5.9,31.1,40.2,35.4,37.6,15,95,8,241,2
"59",210.08488290359,223,"GR4","09/12/2009 15:00",1004,9,48.8,62.6,6,39.3,22,9,9,172,0.6,"15:00",15,"2009-12-09",2009,12,49,"Wednesday",1004,15.9,44,68.4,16,39.5,23,46,9,171,0.2,1004,5.3,29.6,37.8,35.9,41.2,23,101,9,214,1.4,1004,7.2,29.2,40.2,41.4,35.9,19,132,9,215,2.3
"60",223.999668357922,224,"GR4","09/12/2009 16:00",1004,12.5,56.4,75.5,2.5,39.8,22,-2,9,190,1,"16:00",16,"2009-12-09",2009,12,49,"Wednesday",1004,9,48.8,62.6,6,39.3,22,9,9,172,0.6,1004,15.9,44,68.4,16,39.5,23,46,9,171,0.2,1004,5.3,29.6,37.8,35.9,41.2,23,101,9,214,1.4
"61",249.056995935414,227,"GR4","10/12/2009 11:00",1010,11.5,43.5,61.2,29.9,21.3,14,90,11,212,1.6,"11:00",11,"2009-12-10",2009,12,49,"Thursday",1010,23.4,54.5,90.4,12.5,24.5,12,99,11,200,1.3,1009,20,56.9,87.5,9,22.6,13,64,10,203,1.1,1009,18.1,61.2,88.9,6.5,21.1,13,18,9,205,0.2
"62",226.926872221262,229,"GR4","10/12/2009 13:00",1010,4.4,27.7,34.4,29.4,15.4,13,65,12,215,1.6,"13:00",13,"2009-12-10",2009,12,49,"Thursday",1010,4.7,26.3,33.5,35.9,17.8,11,107,12,211,1.1,1010,11.5,43.5,61.2,29.9,21.3,14,90,11,212,1.6,1010,23.4,54.5,90.4,12.5,24.5,12,99,11,200,1.3
"63",222.19863881529,231,"GR4","10/12/2009 15:00",1010,4.1,45.9,52.1,11,25.7,14,7,12,201,0.2,"15:00",15,"2009-12-10",2009,12,49,"Thursday",1010,18.4,35.4,63.6,23.9,25.3,15,29,12,196,0.6,1010,4.4,27.7,34.4,29.4,15.4,13,65,12,215,1.6,1010,4.7,26.3,33.5,35.9,17.8,11,107,12,211,1.1
"64",240.509987623786,232,"GR4","10/12/2009 16:00",1011,13.4,55.9,76.5,2,24,13,-2,11,197,0.2,"16:00",16,"2009-12-10",2009,12,49,"Thursday",1010,4.1,45.9,52.1,11,25.7,14,7,12,201,0.2,1010,18.4,35.4,63.6,23.9,25.3,15,29,12,196,0.6,1010,4.4,27.7,34.4,29.4,15.4,13,65,12,215,1.6
"65",235.480328341647,238,"GR4","11/12/2009 14:00",1020,7.5,38.7,50.2,18,26.1,13,329,10,303,1.5,"14:00",14,"2009-12-11",2009,12,49,"Friday",1020,5.6,33.5,42.1,23.9,26.9,16,356,10,303,1.6,1020,7.8,34.4,46.4,23.9,23.3,15,133,10,290,1.6,1019,12.8,43,62.6,13.5,24,16,140,9,284,1.7
"66",261.210905789255,242,"GR4","21/12/2009 10:00",991,17.8,47.8,75.1,13.5,18.2,16,164,-1,258,1.4,"10:00",10,"2009-12-21",2009,12,51,"Monday",991,26.5,54.5,95.1,6.5,20.2,14,107,-1,283,1.5,991,30.2,63.1,109.5,3.5,17.1,13,10,-2,297,1.3,990,10.3,45.4,61.2,13,16.8,12,-4,-1,297,1.8
"67",264.36023209401,244,"GR4","21/12/2009 12:00",991,13.1,47.8,67.9,14,23.9,16,140,0,257,2,"12:00",12,"2009-12-21",2009,12,51,"Monday",991,15.6,45.9,69.8,15,19.1,15,149,-1,250,1.9,991,17.8,47.8,75.1,13.5,18.2,16,164,-1,258,1.4,991,26.5,54.5,95.1,6.5,20.2,14,107,-1,283,1.5
"68",273.929683510802,245,"GR4","21/12/2009 13:00",990,9,43,56.9,14,23.1,17,442,2,247,1.8,"13:00",13,"2009-12-21",2009,12,51,"Monday",991,13.1,47.8,67.9,14,23.9,16,140,0,257,2,991,15.6,45.9,69.8,15,19.1,15,149,-1,250,1.9,991,17.8,47.8,75.1,13.5,18.2,16,164,-1,258,1.4
"69",254.797687534885,246,"GR4","21/12/2009 14:00",990,15,52.6,75.5,5,22.9,20,357,2,260,1.6,"14:00",14,"2009-12-21",2009,12,51,"Monday",990,9,43,56.9,14,23.1,17,442,2,247,1.8,991,13.1,47.8,67.9,14,23.9,16,140,0,257,2,991,15.6,45.9,69.8,15,19.1,15,149,-1,250,1.9
"70",283.002237859271,254,"GR4","22/12/2009 14:00",981,24.6,53.5,91.3,9.5,25.9,19,5,2,85,0.7,"14:00",14,"2009-12-22",2009,12,51,"Tuesday",982,20,40.6,71.2,22.5,23.5,18,22,2,119,1.3,983,15,36.3,59.3,25.9,21.9,18,36,2,104,1,984,14,38.3,59.8,25.4,25.2,18,52,1,105,1.2
"71",286.084512116401,262,"GR4","23/12/2009 14:00",980,18.4,57.9,86.1,9.5,22.5,14,338,3,259,1.1,"14:00",14,"2009-12-23",2009,12,51,"Wednesday",979,23.7,55.5,91.8,8.5,20.1,16,408,2,236,2,979,39.3,51.6,111.9,6,22.4,17,120,1,235,2,980,47.4,58.3,131,4,23,19,97,0,232,2.2
"72",282.470477208887,271,"GR4","24/12/2009 15:00",982,7.5,46.9,58.3,7,24.6,20,28,4,130,1.9,"15:00",15,"2009-12-24",2009,12,51,"Thursday",982,9.1,45.3,59.3,8,25.3,19,40,3,119,0.9,983,17.5,53.5,80.3,9.5,24.5,21,68,3,91,0.6,983,7.8,37.8,49.7,15.5,21.8,17,62,2,99,0.3
"73",292.801629733928,274,"GR4","25/12/2009 10:00",981,6.9,32.5,43,14.5,19.5,17,63,4,137,1,"10:00",10,"2009-12-25",2009,12,51,"Friday",981,7.2,38.3,49.2,7.5,21,18,14,3,135,0.3,981,2.5,34.4,38.3,9.5,21,15,0,3,89,0.6,981,2.8,39.2,43.5,6,17.3,16,-3,3,76,0.4
"74",305.255374324383,275,"GR4","25/12/2009 11:00",980,5.9,30.1,39.2,16.5,23,21,79,5,178,0.6,"11:00",11,"2009-12-25",2009,12,51,"Friday",981,6.9,32.5,43,14.5,19.5,17,63,4,137,1,981,7.2,38.3,49.2,7.5,21,18,14,3,135,0.3,981,2.5,34.4,38.3,9.5,21,15,0,3,89,0.6
"75",296.817440949545,277,"GR4","25/12/2009 13:00",979,4.4,23,29.6,23.4,24.9,23,44,5,124,0.8,"13:00",13,"2009-12-25",2009,12,51,"Friday",979,5.3,24.4,32.5,21.5,24.1,21,66,5,161,0.6,980,5.9,30.1,39.2,16.5,23,21,79,5,178,0.6,981,6.9,32.5,43,14.5,19.5,17,63,4,137,1
"76",293.749306712007,279,"GR4","25/12/2009 15:00",979,2.2,25.8,29.2,20,24.2,20,6,5,92,0.6,"15:00",15,"2009-12-25",2009,12,51,"Friday",979,2.5,22.5,26.3,25.9,25,23,33,5,96,0.9,979,4.4,23,29.6,23.4,24.9,23,44,5,124,0.8,979,5.3,24.4,32.5,21.5,24.1,21,66,5,161,0.6
"77",295.286485102427,281,"GR4","26/04/2010 09:00",1011,6.5,23.9,33.9,54.4,20,12,250,13,238,1.5,"09:00",9,"2010-04-26",2010,4,17,"Monday",1011,4.7,25.3,32.5,55.4,23.1,15,79,12,250,1.4,1010,5.3,31.1,39.2,41.4,21.7,14,81,12,232,1.5,1010,4.4,31.1,37.8,38.9,22,14,46,11,252,0.8
"78",324.152332210595,288,"GR4","26/04/2010 16:00",1011,1.9,21.5,24.4,74.8,18.3,15,248,17,203,2.9,"16:00",16,"2010-04-26",2010,4,17,"Monday",1010,2.2,20.6,23.9,64.9,23.4,17,457,17,215,2.8,1011,0.9,19.6,21,59.9,20.8,17,268,17,224,2,1011,7.8,15.3,27.3,66.9,16,14,496,16,255,2.3
"79",288.857456823403,291,"GR4","27/04/2010 11:00",1016,6.9,22,32.5,72.8,30.7,24,313,14,246,2,"11:00",11,"2010-04-27",2010,4,17,"Tuesday",1016,23.4,39.2,75.1,38.9,45.6,31,161,12,248,2,1016,48,53.5,127.2,15.5,51.7,34,119,12,239,2.2,1016,21.8,41.6,75.1,32.4,47.9,34,124,12,242,2
"80",322.376360579747,293,"GR4","27/04/2010 13:00",1016,7.5,15.8,27.3,63.4,24.9,22,639,16,256,1.7,"13:00",13,"2010-04-27",2010,4,17,"Tuesday",1016,4.1,15.8,22,59.9,25,20,388,15,240,2.1,1016,6.9,22,32.5,72.8,30.7,24,313,14,246,2,1016,23.4,39.2,75.1,38.9,45.6,31,161,12,248,2
"81",298.603466714262,298,"GR4","28/04/2010 10:00",1019,4.4,14.3,21,88.3,29.9,19,534,17,149,1.3,"10:00",10,"2010-04-28",2010,4,17,"Wednesday",1019,11.8,18.2,36.3,74.8,30.3,17,358,15,113,1.5,1019,4.1,20.6,26.8,64.4,33.6,22,187,14,113,1.4,1019,7.2,33.9,44.9,46.4,44.8,29,70,12,70,0.9
"82",309.631406574448,302,"GR4","28/04/2010 14:00",1017,1.6,8.6,11,103.3,23.4,17,272,19,124,1.1,"14:00",14,"2010-04-28",2010,4,17,"Wednesday",1018,5,8.6,16.3,102.3,23.3,15,378,19,188,0.9,1018,1.9,9.6,12.4,100.3,30.9,22,516,19,189,1.1,1019,2.8,10,14.3,104.8,30.7,17,632,18,137,1
"83",296.176425180211,304,"GR4","28/04/2010 16:00",1016,1.2,13.9,15.8,102.8,25.8,21,168,18,199,1.4,"16:00",16,"2010-04-28",2010,4,17,"Wednesday",1017,1.2,6.7,8.6,103.8,28.2,17,164,19,151,1.5,1017,1.6,8.6,11,103.3,23.4,17,272,19,124,1.1,1018,5,8.6,16.3,102.3,23.3,15,378,19,188,0.9
"84",268.968465857184,305,"GR4","29/04/2010 09:00",1012,3.7,43,48.8,43.9,48.6,32,289,19,190,0.9,"09:00",9,"2010-04-29",2010,4,17,"Thursday",1013,7.5,40.6,52.1,54.9,54.4,40,202,17,191,0.7,1013,13.4,57.9,78.4,34.4,50.4,39,119,14,144,0.5,1014,6.9,49.2,59.8,36.4,42.8,33,71,13,117,0.3
"85",307.085509069775,306,"GR4","29/04/2010 10:00",1012,9,34.9,48.8,67.4,49.7,34,354,19,194,1,"10:00",10,"2010-04-29",2010,4,17,"Thursday",1012,3.7,43,48.8,43.9,48.6,32,289,19,190,0.9,1013,7.5,40.6,52.1,54.9,54.4,40,202,17,191,0.7,1013,13.4,57.9,78.4,34.4,50.4,39,119,14,144,0.5
"86",309.32130539456,311,"GR4","29/04/2010 15:00",1009,3.1,43.5,48.3,24.9,27.1,20,378,20,158,1.2,"15:00",15,"2010-04-29",2010,4,17,"Thursday",1010,5.3,35.9,44,33.9,23.7,10,498,20,153,1.3,1010,6.7,26.8,37,52.4,27.8,18,566,20,151,1.4,1011,4.4,24.4,31.1,62.4,26.2,16,483,20,172,1.4
"87",322.896889701797,314,"GR4","30/04/2010 10:00",1002,3.7,12,17.7,72.8,21.8,16,415,17,225,0.9,"10:00",10,"2010-04-30",2010,4,17,"Friday",1002,5,13.9,21.5,65.4,14.2,7,105,16,271,0.7,1003,8.7,21.5,34.9,48.9,23.6,16,201,16,253,1.2,1003,7.2,26.8,37.8,36.4,22.5,16,130,14,268,1.3
"88",344.318677920375,315,"GR4","30/04/2010 11:00",1001,3.7,10.5,16.3,80.3,23.1,15,402,19,238,1,"11:00",11,"2010-04-30",2010,4,17,"Friday",1002,3.7,12,17.7,72.8,21.8,16,415,17,225,0.9,1002,5,13.9,21.5,65.4,14.2,7,105,16,271,0.7,1003,8.7,21.5,34.9,48.9,23.6,16,201,16,253,1.2
"89",314.107792397267,316,"GR4","30/04/2010 12:00",1001,3.4,11.5,16.7,75.8,13.2,9,408,19,245,1.2,"12:00",12,"2010-04-30",2010,4,17,"Friday",1001,3.7,10.5,16.3,80.3,23.1,15,402,19,238,1,1002,3.7,12,17.7,72.8,21.8,16,415,17,225,0.9,1002,5,13.9,21.5,65.4,14.2,7,105,16,271,0.7
"90",351.272574898856,317,"GR4","30/04/2010 13:00",1001,3.4,10.5,15.8,75.3,20.5,14,248,19,283,1.4,"13:00",13,"2010-04-30",2010,4,17,"Friday",1001,3.4,11.5,16.7,75.8,13.2,9,408,19,245,1.2,1001,3.7,10.5,16.3,80.3,23.1,15,402,19,238,1,1002,3.7,12,17.7,72.8,21.8,16,415,17,225,0.9
"91",341.438983410638,322,"GR4","07/06/2010 10:00",1002,2.2,13.9,17.2,56.4,22.2,14,519,20,252,1.7,"10:00",10,"2010-06-07",2010,6,23,"Monday",1002,5.9,14.3,23.4,50.9,17.4,15,327,19,232,1.7,1002,7.2,20.6,31.6,40.4,18.2,13,193,18,240,1.1,1003,8.4,26.8,39.7,31.9,20.2,16,146,17,205,0.9
"92",348.748602740462,325,"GR4","07/06/2010 13:00",1002,5.9,12.4,21.5,71.8,17.7,16,191,20,255,1.3,"13:00",13,"2010-06-07",2010,6,23,"Monday",1002,1.9,11,13.9,68.4,15.2,9,224,20,255,1.6,1002,3.1,14.3,19.1,57.9,13.4,10,324,20,240,1.9,1002,2.2,13.9,17.2,56.4,22.2,14,519,20,252,1.7
"93",345.21521544037,327,"GR4","07/06/2010 15:00",1001,1.6,11,13.4,68.4,30.4,17,134,21,244,1.5,"15:00",15,"2010-06-07",2010,6,23,"Monday",1001,1.6,12.9,15.3,72.8,22.8,15,305,21,252,1.3,1002,5.9,12.4,21.5,71.8,17.7,16,191,20,255,1.3,1002,1.9,11,13.9,68.4,15.2,9,224,20,255,1.6
"94",327.093166637021,332,"GR4","08/06/2010 12:00",1003,3.1,9.6,14.3,50.9,15.1,12,340,18,207,2,"12:00",12,"2010-06-08",2010,6,23,"Tuesday",1003,3.1,10,14.8,51.4,15.3,8,204,17,218,2,1003,2.5,6.7,10.5,50.4,17.3,7,304,18,186,1.8,1003,8.1,11,23.4,43.4,15.9,11,375,17,215,1.9
"95",338.279941201637,333,"GR4","08/06/2010 13:00",1002,7.2,9.1,20.1,54.9,13.5,9,434,19,215,1.8,"13:00",13,"2010-06-08",2010,6,23,"Tuesday",1003,3.1,9.6,14.3,50.9,15.1,12,340,18,207,2,1003,3.1,10,14.8,51.4,15.3,8,204,17,218,2,1003,2.5,6.7,10.5,50.4,17.3,7,304,18,186,1.8
"96",353.972671538705,338,"GR4","09/06/2010 10:00",993,2.2,7.2,10.5,58.9,16.6,15,313,16,169,1.3,"10:00",10,"2010-06-09",2010,6,23,"Wednesday",993,4.4,11.5,18.2,57.9,15,12,229,15,169,1,993,7.2,20.1,31.1,46.4,14.3,14,125,14,142,1.4,994,9.4,20.1,34.4,35.4,21.1,15,94,13,126,1
"97",362.803983566889,340,"GR4","09/06/2010 12:00",992,7.2,24.4,35.4,35.9,19.2,16,270,16,206,1.9,"12:00",12,"2010-06-09",2010,6,23,"Wednesday",993,1.9,12,14.8,52.4,19.4,12,354,17,202,1.7,993,2.2,7.2,10.5,58.9,16.6,15,313,16,169,1.3,993,4.4,11.5,18.2,57.9,15,12,229,15,169,1
"98",362.220478158647,341,"GR4","09/06/2010 13:00",992,17.2,38.3,64.5,24.4,27.3,17,658,18,173,2,"13:00",13,"2010-06-09",2010,6,23,"Wednesday",992,7.2,24.4,35.4,35.9,19.2,16,270,16,206,1.9,993,1.9,12,14.8,52.4,19.4,12,354,17,202,1.7,993,2.2,7.2,10.5,58.9,16.6,15,313,16,169,1.3
"99",360.733275242693,344,"GR4","09/06/2010 16:00",992,3.7,28.7,34.4,50.9,21.9,19,333,19,203,2.5,"16:00",16,"2010-06-09",2010,6,23,"Wednesday",992,6.2,29.6,39.2,45.9,26.3,17,600,19,215,2.5,992,6.2,30.6,40.2,41.4,27.2,17,594,19,215,2.6,992,17.2,38.3,64.5,24.4,27.3,17,658,18,173,2
"100",336.853641653135,345,"GR4","10/06/2010 09:00",995,5.6,15.3,23.9,40.9,19.6,18,410,19,124,1.1,"09:00",9,"2010-06-10",2010,6,23,"Thursday",995,1.2,13.9,15.8,39.9,33.4,25,234,17,168,0.8,995,1.6,17.2,19.6,32.4,36.3,32,37,13,122,0.1,995,0.6,14.3,15.3,36.9,38.1,34,19,12,128,0
"101",344.565766369654,352,"GR4","10/06/2010 16:00",996,0,7.2,7.2,62.9,23.3,18,118,18,104,1.7,"16:00",16,"2010-06-10",2010,6,23,"Thursday",996,0.6,9.6,10.5,63.4,24.7,22,316,18,93,1.6,996,0,12,12,65.9,23.9,23,263,18,111,1.9,996,5.3,8.6,16.7,78.8,20.6,17,186,18,95,1.4
"102",343.182098244993,353,"GR4","11/06/2010 09:00",999,3.7,13.4,19.1,45.4,19.8,17,88,15,354,2,"09:00",9,"2010-06-11",2010,6,23,"Friday",999,1.2,21.5,23.4,41.4,22.1,17,72,15,84,2.1,998,0.9,17.2,18.6,40.9,15.2,16,37,15,79,2,998,0,14.8,14.8,41.9,14,12,34,15,177,1.8
"103",336.013477254225,354,"GR4","11/06/2010 10:00",999,1.2,12.4,14.3,38.9,21.7,16,80,15,32,2,"10:00",10,"2010-06-11",2010,6,23,"Friday",999,3.7,13.4,19.1,45.4,19.8,17,88,15,354,2,999,1.2,21.5,23.4,41.4,22.1,17,72,15,84,2.1,998,0.9,17.2,18.6,40.9,15.2,16,37,15,79,2
"104",346.966575023376,355,"GR4","11/06/2010 11:00",999,1.6,14.8,17.2,36.9,21.8,15,143,16,72,2.6,"11:00",11,"2010-06-11",2010,6,23,"Friday",999,1.2,12.4,14.3,38.9,21.7,16,80,15,32,2,999,3.7,13.4,19.1,45.4,19.8,17,88,15,354,2,999,1.2,21.5,23.4,41.4,22.1,17,72,15,84,2.1
"105",343.927221950885,359,"GR4","11/06/2010 15:00",998,2.5,23,26.8,48.4,25.3,20,82,16,96,2.3,"15:00",15,"2010-06-11",2010,6,23,"Friday",998,4.1,24.9,31.1,46.4,28.1,21,40,17,70,2.2,998,6.2,22,31.6,41.9,23.8,19,173,18,39,2.8,998,1.2,14.3,16.3,41.9,18.5,19,287,18,61,2.3
"106",336.65230603681,367,"GR4","21/06/2010 15:00",1013,1.2,10.5,12.4,70.3,33.8,18,673,17,289,1.6,"15:00",15,"2010-06-21",2010,6,25,"Monday",1013,2.2,10,13.4,69.4,23.9,21,678,16,170,1.7,1013,5.3,8.6,16.7,72.3,25.5,18,372,14,191,1.6,1013,1.9,6.7,9.6,73.8,25.7,17,199,13,141,1.5
"107",338.004866971084,368,"GR4","21/06/2010 16:00",1013,1.2,16.3,18.2,66.4,31.7,20,336,16,85,1.6,"16:00",16,"2010-06-21",2010,6,25,"Monday",1013,1.2,10.5,12.4,70.3,33.8,18,673,17,289,1.6,1013,2.2,10,13.4,69.4,23.9,21,678,16,170,1.7,1013,5.3,8.6,16.7,72.3,25.5,18,372,14,191,1.6
"108",343.251061432204,372,"GR4","22/06/2010 12:00",1014,0.9,6.2,7.7,108.3,30,20,249,21,153,1.3,"12:00",12,"2010-06-22",2010,6,25,"Tuesday",1014,1.2,13.4,15.3,96.8,29.7,17,417,21,173,1.4,1014,6.5,27.3,37.3,62.9,33.4,19,546,21,151,1.6,1014,8.7,26.8,40.2,51.4,30.5,23,368,20,200,1.1
"109",325.194131972093,376,"GR4","22/06/2010 16:00",1014,1.2,7.7,9.6,95.3,17.1,17,178,22,150,0.9,"16:00",16,"2010-06-22",2010,6,25,"Tuesday",1014,1.2,8.1,10,93.3,17.8,16,450,22,97,1,1014,1.9,6.7,9.6,90.3,20.5,17,383,22,44,1.3,1014,2.2,7.2,10.5,97.3,28.9,13,265,21,212,1
"110",346.160424185251,377,"GR4","23/06/2010 09:00",1015,10.3,39.2,55,64.9,38.6,23,337,20,233,0.9,"09:00",9,"2010-06-23",2010,6,25,"Wednesday",1015,10.3,41.6,57.4,40.9,31.7,23,217,18,222,1.1,1015,14.3,48.8,70.8,27.4,33.4,24,150,16,222,1.3,1015,16.8,48.8,74.6,20.5,30.3,25,80,15,228,0.9
"111",369.640311732587,383,"GR4","23/06/2010 15:00",1013,0.9,6.2,7.7,113.3,33.5,22,646,26,185,1.5,"15:00",15,"2010-06-23",2010,6,25,"Wednesday",1014,0.9,7.7,9.1,115.3,32.4,22,752,26,238,1.5,1014,2.8,14.3,18.6,112.8,28.2,21,698,25,247,1.4,1014,5.3,12.9,21,96.8,32.4,19,538,24,245,1.4
"112",375.976452559684,385,"GR4","24/06/2010 09:00",1014,9.7,29.2,44,35.9,30.1,23,351,22,198,1,"09:00",9,"2010-06-24",2010,6,25,"Thursday",1014,16.5,48.3,73.6,23.9,33.1,22,205,21,199,0.8,1014,18.1,48.8,76.5,19,30.2,21,67,19,241,0.7,1014,10,38.7,54,22.5,25,20,46,17,237,0.5
"113",365.808361404662,387,"GR4","24/06/2010 11:00",1013,3.4,14.3,19.6,47.4,23.2,17,609,23,218,1.5,"11:00",11,"2010-06-24",2010,6,25,"Thursday",1014,3.4,12.9,18.2,40.9,18.8,15,530,23,208,1.4,1014,9.7,29.2,44,35.9,30.1,23,351,22,198,1,1014,16.5,48.3,73.6,23.9,33.1,22,205,21,199,0.8
"114",372.898429683343,388,"GR4","24/06/2010 12:00",1013,1.9,10,12.9,57.9,22,16,722,25,207,1.4,"12:00",12,"2010-06-24",2010,6,25,"Thursday",1013,3.4,14.3,19.6,47.4,23.2,17,609,23,218,1.5,1014,3.4,12.9,18.2,40.9,18.8,15,530,23,208,1.4,1014,9.7,29.2,44,35.9,30.1,23,351,22,198,1
"115",382.328900328423,395,"GR4","25/06/2010 11:00",1011,1.6,13.4,15.8,86.8,26.9,23,347,22,207,1.6,"11:00",11,"2010-06-25",2010,6,25,"Friday",1011,5,22.5,30.1,67.4,33.6,22,441,22,209,1.5,1011,10.6,28.7,44.9,46.9,38.6,22,357,21,237,1,1011,9,28.7,42.6,39.4,35,22,216,20,223,1
"116",417.566884514407,397,"GR4","25/06/2010 13:00",1010,1.2,14.8,16.7,94.3,32.6,25,568,24,206,1.3,"13:00",13,"2010-06-25",2010,6,25,"Friday",1010,2.5,16.3,20.1,80.8,33.7,22,328,23,242,1.6,1011,1.6,13.4,15.8,86.8,26.9,23,347,22,207,1.6,1011,5,22.5,30.1,67.4,33.6,22,441,22,209,1.5
"117",387.828501376355,398,"GR4","25/06/2010 14:00",1010,1.2,16.3,18.2,94.3,32.3,25,318,24,223,1,"14:00",14,"2010-06-25",2010,6,25,"Friday",1010,1.2,14.8,16.7,94.3,32.6,25,568,24,206,1.3,1010,2.5,16.3,20.1,80.8,33.7,22,328,23,242,1.6,1011,1.6,13.4,15.8,86.8,26.9,23,347,22,207,1.6
"118",401.201923574215,405,"GR4","27/09/2010 13:00",1003,11.2,35.9,53.1,23,16.4,14,113,13,206,2,"13:00",13,"2010-09-27",2010,9,39,"Monday",1003,14.7,31.6,54,23,15.7,12,255,13,98,2.2,1004,11.2,30.1,47.3,23.9,16.4,11,245,12,333,2.1,1004,6.9,24.9,35.4,20,15,11,160,11,230,2.3
"119",396.74089740507,407,"GR4","27/09/2010 15:00",1003,18.7,50.2,78.9,6.5,25,13,32,12,260,1.7,"15:00",15,"2010-09-27",2010,9,39,"Monday",1003,8.1,41.6,54,18.5,18.1,14,44,12,286,1.6,1003,11.2,35.9,53.1,23,16.4,14,113,13,206,2,1003,14.7,31.6,54,23,15.7,12,255,13,98,2.2
"120",388.611218926292,408,"GR4","27/09/2010 16:00",1003,32.1,52.6,101.8,2,24.7,14,18,12,265,1.9,"16:00",16,"2010-09-27",2010,9,39,"Monday",1003,18.7,50.2,78.9,6.5,25,13,32,12,260,1.7,1003,8.1,41.6,54,18.5,18.1,14,44,12,286,1.6,1003,11.2,35.9,53.1,23,16.4,14,113,13,206,2
"121",393.636420866437,409,"GR4","28/09/2010 09:00",1004,13.1,29.6,49.7,12.5,38.5,30,81,12,188,0.3,"09:00",9,"2010-09-28",2010,9,39,"Tuesday",1004,14,30.6,52.1,4.5,37.1,25,42,11,55,0.3,1003,15.9,33,57.4,1,32.7,24,21,11,142,0.5,1003,10.9,33.5,50.2,1,32.8,22,9,11,159,0.3
"122",409.490011136723,412,"GR4","28/09/2010 12:00",1004,8.7,20.6,33.9,40.4,32.8,25,182,14,175,0.3,"12:00",12,"2010-09-28",2010,9,39,"Tuesday",1004,5,20.6,28.2,40.9,34.1,27,149,13,203,0.2,1004,9.7,27.7,42.6,23,38.1,30,138,13,232,0.1,1004,13.1,29.6,49.7,12.5,38.5,30,81,12,188,0.3
"123",418.959354948278,421,"GR4","29/09/2010 13:00",1009,3.4,8.1,13.4,54.9,17.6,8,100,16,117,0.3,"13:00",13,"2010-09-29",2010,9,39,"Wednesday",1009,5.6,7.7,16.3,53.4,14.1,8,167,17,128,0.5,1008,2.5,5.3,9.1,54.4,13.3,8,278,16,179,0.7,1008,2.5,7.2,11,51.9,10.9,7,188,15,299,0.3
"124",433.420245728378,425,"GR4","30/09/2010 09:00",1008,27.4,28.2,70.3,11.5,25.8,15,102,15,166,0.7,"09:00",9,"2010-09-30",2010,9,39,"Thursday",1008,29.9,30.6,76.5,6.5,21.3,16,36,14,180,0.4,1008,19.3,30.6,60.2,3,15.9,11,9,14,202,0.3,1008,11.2,29.2,46.4,1,15.5,13,1,14,151,0.6
"125",440.218982839791,427,"GR4","30/09/2010 11:00",1007,10,15.8,31.1,36.4,14.6,12,159,17,122,0.9,"11:00",11,"2010-09-30",2010,9,39,"Thursday",1008,30.9,24.4,71.7,23.4,22.5,11,211,16,192,0.8,1008,27.4,28.2,70.3,11.5,25.8,15,102,15,166,0.7,1008,29.9,30.6,76.5,6.5,21.3,16,36,14,180,0.4
"126",437.500965978892,429,"GR4","30/09/2010 13:00",1007,12.5,16.7,35.9,42.4,20.9,10,208,17,229,1.5,"13:00",13,"2010-09-30",2010,9,39,"Thursday",1007,7.5,15.8,27.3,37.9,14.7,12,141,17,168,0.8,1007,10,15.8,31.1,36.4,14.6,12,159,17,122,0.9,1008,30.9,24.4,71.7,23.4,22.5,11,211,16,192,0.8
"127",428.71905451493,433,"GR4","01/10/2010 09:00",1007,1.2,4.8,6.7,57.9,14.2,8,228,10,220,1.2,"09:00",9,"2010-10-01",2010,10,39,"Friday",1007,1.9,7.7,10.5,57.4,17.9,9,123,9,231,1.3,1007,1.6,9.6,12,55.4,16.8,12,52,9,240,1,1007,1.6,12.4,14.8,53.9,17.5,8,9,9,255,1
"128",460.175581891704,437,"GR4","01/10/2010 13:00",1005,1.6,6.2,8.6,51.9,11.3,7,357,15,215,1.6,"13:00",13,"2010-10-01",2010,10,39,"Friday",1006,1.6,5.3,7.7,52.4,11.3,7,481,15,231,1.4,1006,1.6,7.2,9.6,52.4,11.1,7,468,14,211,1.4,1006,1.2,4.8,6.7,56.4,15.4,9,385,13,238,1.3
"129",455.430448818871,440,"GR4","01/10/2010 16:00",1004,1.9,10.5,13.4,40.4,11,7,65,15,202,1.2,"16:00",16,"2010-10-01",2010,10,39,"Friday",1005,1.9,8.6,11.5,44.9,10.1,6,134,15,202,1.2,1005,1.2,7.7,9.6,48.9,9.6,6,300,15,211,1.8,1005,1.6,6.2,8.6,51.9,11.3,7,357,15,215,1.6
"130",449.596022191567,443,"GR4","08/11/2010 11:00",1000,1.6,1,3.3,60.4,0.5,1,176,6,130,1.7,"11:00",11,"2010-11-08",2010,11,45,"Monday",1000,2.5,3.3,7.2,61.4,5.1,2,85,5,275,1.4,1000,1.6,10.5,12.9,58.4,4.8,2,72,4,294,1.6,1001,2.5,15.8,19.6,53.4,7.7,5,35,4,269,1.4
"131",436.827394034003,444,"GR4","08/11/2010 12:00",999,1.6,2.9,5.3,53.4,4.2,2,106,8,141,2,"12:00",12,"2010-11-08",2010,11,45,"Monday",1000,1.6,1,3.3,60.4,0.5,1,176,6,130,1.7,1000,2.5,3.3,7.2,61.4,5.1,2,85,5,275,1.4,1000,1.6,10.5,12.9,58.4,4.8,2,72,4,294,1.6
"132",445.461799513459,445,"GR4","08/11/2010 13:00",998,1.6,6.2,8.6,49.4,4.3,1,222,8,62,1.9,"13:00",13,"2010-11-08",2010,11,45,"Monday",999,1.6,2.9,5.3,53.4,4.2,2,106,8,141,2,1000,1.6,1,3.3,60.4,0.5,1,176,6,130,1.7,1000,2.5,3.3,7.2,61.4,5.1,2,85,5,275,1.4
"133",485.263443752494,449,"GR4","09/11/2010 09:00",964,21.8,34.4,67.9,5,27,18,21,5,123,4.5,"09:00",9,"2010-11-09",2010,11,45,"Tuesday",966,11.2,32,49.2,8,20.1,15,8,6,141,4.1,967,5.6,33,41.6,8.5,20.2,15,1,7,126,3.7,969,1.6,24.4,26.8,16.5,16,12,-3,7,152,3.5
"134",495.717386549277,454,"GR4","09/11/2010 14:00",959,5.6,20.1,28.7,19,13.3,10,11,5,136,4.1,"14:00",14,"2010-11-09",2010,11,45,"Tuesday",960,3.1,19.6,24.4,19,9.7,7,18,5,128,4.2,960,8.4,21,33.9,20.5,8.2,6,18,5,122,4.4,962,1.9,20.1,23,30.9,7.4,6,52,4,125,4.9
"135",490.941530566197,457,"GR4","10/11/2010 09:00",966,11.2,39.7,56.9,20,15.5,8,45,8,100,1.9,"09:00",9,"2010-11-10",2010,11,45,"Wednesday",965,8.7,40.6,54,18,14.8,6,24,8,86,2.2,964,3.4,35.9,41.1,18,7.7,3,3,8,105,2.5,963,0.3,16.7,17.2,37.4,6.3,4,-2,8,82,2.6
"136",480.564306338443,460,"GR4","10/11/2010 12:00",969,5.6,25.8,34.4,38.4,10.1,5,36,8,79,2.8,"12:00",12,"2010-11-10",2010,11,45,"Wednesday",968,6.9,29.2,39.7,32.9,10.6,6,45,8,62,3,967,10,35.4,50.7,25.9,12.7,8,55,9,74,2.5,966,11.2,39.7,56.9,20,15.5,8,45,8,100,1.9
"137",487.29527715536,461,"GR4","10/11/2010 13:00",970,4.1,23.4,29.6,41.4,10.1,6,45,7,52,3.1,"13:00",13,"2010-11-10",2010,11,45,"Wednesday",969,5.6,25.8,34.4,38.4,10.1,5,36,8,79,2.8,968,6.9,29.2,39.7,32.9,10.6,6,45,8,62,3,967,10,35.4,50.7,25.9,12.7,8,55,9,74,2.5
"138",464.721284402715,465,"GR4","11/11/2010 09:00",989,1.2,1.9,3.8,58.9,3,3,113,5,298,1,"09:00",9,"2010-11-11",2010,11,45,"Thursday",988,3.4,5.7,11,58.4,7.9,6,43,3,277,1.2,986,1.9,7.2,10,55.4,7.2,6,4,3,296,1.2,985,0.6,7.2,8.1,56.9,8.8,5,-3,3,206,1.5
"139",465.942155052663,470,"GR4","11/11/2010 14:00",992,5.3,7.7,15.8,49.9,5.6,2,508,8,306,1.6,"14:00",14,"2010-11-11",2010,11,45,"Thursday",991,1.9,3.8,6.7,52.9,6.6,6,574,7,151,1.6,991,2.8,4.8,9.1,55.4,6.2,6,380,7,284,1.6,990,1.6,3.8,6.2,55.9,2.9,2,317,6,207,1.5
"140",473.826447471094,472,"GR4","11/11/2010 16:00",994,0.9,13.9,15.3,55.4,11.6,6,24,6,281,1.2,"16:00",16,"2010-11-11",2010,11,45,"Thursday",993,1.6,7.7,10,57.4,11.2,5,303,7,270,1.4,992,5.3,7.7,15.8,49.9,5.6,2,508,8,306,1.6,991,1.9,3.8,6.7,52.9,6.6,6,574,7,151,1.6
"141",511.818611925634,474,"GR4","12/11/2010 10:00",979,4.1,9.6,15.8,57.4,19.1,10,38,11,191,3,"10:00",10,"2010-11-12",2010,11,45,"Friday",980,3.1,17.2,22,53.4,25.7,5,26,10,172,3,983,4.1,20.6,26.8,52.4,13.9,10,6,9,199,2.6,985,1.9,17.7,20.6,55.4,16.1,9,-1,9,190,1.9
"142",522.748263095343,475,"GR4","12/11/2010 11:00",977,3.1,5.3,10,56.9,19,9,48,12,181,3.3,"11:00",11,"2010-11-12",2010,11,45,"Friday",979,4.1,9.6,15.8,57.4,19.1,10,38,11,191,3,980,3.1,17.2,22,53.4,25.7,5,26,10,172,3,983,4.1,20.6,26.8,52.4,13.9,10,6,9,199,2.6
"143",506.948627465344,477,"GR4","12/11/2010 13:00",974,2.8,8.1,12.4,51.9,13.1,8,51,15,199,5.2,"13:00",13,"2010-11-12",2010,11,45,"Friday",975,3.4,6.7,12,54.9,15.4,9,73,13,199,4,977,3.1,5.3,10,56.9,19,9,48,12,181,3.3,979,4.1,9.6,15.8,57.4,19.1,10,38,11,191,3
